"","ID","Set","Card","Product_1","Product_2","Feature_1","Feature_2","Feature_3","Price","Choice"
"1",1,1,1,1,0,1,0,0,19.99,1
"2",1,1,2,0,1,1,0,0,7.99,0
"3",1,1,3,0,1,0,1,0,12.99,0
"4",1,1,4,0,0,0,0,0,0,0
"5",1,2,1,1,0,0,1,1,19.99,1
"6",1,2,2,1,0,0,1,0,12.99,0
"7",1,2,3,0,1,1,0,1,19.99,0
"8",1,2,4,0,0,0,0,0,0,0
"9",1,3,1,0,1,0,1,1,12.99,0
"10",1,3,2,0,1,1,0,1,7.99,0
"11",1,3,3,1,0,0,1,1,7.99,1
"12",1,3,4,0,0,0,0,0,0,0
"13",1,4,1,1,0,1,0,1,7.99,1
"14",1,4,2,1,0,1,0,0,12.99,0
"15",1,4,3,1,0,1,0,1,19.99,0
"16",1,4,4,0,0,0,0,0,0,0
"17",1,5,1,0,1,1,0,0,12.99,1
"18",1,5,2,0,1,0,1,1,19.99,0
"19",1,5,3,0,1,1,0,1,12.99,0
"20",1,5,4,0,0,0,0,0,0,0
"21",1,6,1,1,0,0,1,0,19.99,0
"22",1,6,2,1,0,1,0,0,7.99,0
"23",1,6,3,0,1,0,1,0,7.99,1
"24",1,6,4,0,0,0,0,0,0,0
"25",1,7,1,1,0,0,1,0,7.99,0
"26",1,7,2,0,1,1,0,0,19.99,0
"27",1,7,3,1,0,1,0,1,12.99,1
"28",1,7,4,0,0,0,0,0,0,0
"29",1,8,1,0,1,0,1,1,7.99,0
"30",1,8,2,1,0,0,1,1,12.99,0
"31",1,8,3,0,1,0,1,0,19.99,1
"32",1,8,4,0,0,0,0,0,0,0
"33",2,1,1,0,1,1,0,0,12.99,1
"34",2,1,2,0,1,1,0,0,19.99,0
"35",2,1,3,0,1,1,0,1,12.99,0
"36",2,1,4,0,0,0,0,0,0,0
"37",2,2,1,0,1,1,0,0,7.99,1
"38",2,2,2,1,0,1,0,1,7.99,0
"39",2,2,3,1,0,0,1,0,12.99,0
"40",2,2,4,0,0,0,0,0,0,0
"41",2,3,1,0,1,1,0,1,7.99,1
"42",2,3,2,1,0,1,0,0,12.99,0
"43",2,3,3,0,1,0,1,1,19.99,0
"44",2,3,4,0,0,0,0,0,0,0
"45",2,4,1,1,0,0,1,0,7.99,0
"46",2,4,2,1,0,0,1,0,19.99,0
"47",2,4,3,1,0,0,1,1,7.99,1
"48",2,4,4,0,0,0,0,0,0,0
"49",2,5,1,0,1,1,0,1,19.99,1
"50",2,5,2,1,0,0,1,1,19.99,0
"51",2,5,3,1,0,1,0,0,19.99,0
"52",2,5,4,0,0,0,0,0,0,0
"53",2,6,1,0,1,0,1,0,12.99,0
"54",2,6,2,1,0,1,0,0,7.99,0
"55",2,6,3,0,1,0,1,1,12.99,1
"56",2,6,4,0,0,0,0,0,0,0
"57",2,7,1,0,1,0,1,0,19.99,0
"58",2,7,2,0,1,0,1,1,7.99,0
"59",2,7,3,1,0,1,0,1,12.99,1
"60",2,7,4,0,0,0,0,0,0,0
"61",2,8,1,1,0,0,1,1,12.99,1
"62",2,8,2,0,1,0,1,0,7.99,0
"63",2,8,3,1,0,1,0,1,19.99,0
"64",2,8,4,0,0,0,0,0,0,0
"65",3,1,1,0,1,1,0,1,12.99,0
"66",3,1,2,0,1,0,1,1,19.99,0
"67",3,1,3,1,0,0,1,1,12.99,0
"68",3,1,4,0,0,0,0,0,0,1
"69",3,2,1,0,1,1,0,0,19.99,0
"70",3,2,2,0,1,1,0,0,7.99,0
"71",3,2,3,1,0,0,1,0,19.99,0
"72",3,2,4,0,0,0,0,0,0,1
"73",3,3,1,1,0,0,1,1,7.99,0
"74",3,3,2,1,0,1,0,0,7.99,0
"75",3,3,3,1,0,1,0,0,19.99,0
"76",3,3,4,0,0,0,0,0,0,1
"77",3,4,1,1,0,1,0,0,12.99,0
"78",3,4,2,0,1,0,1,0,7.99,0
"79",3,4,3,0,1,1,0,0,12.99,0
"80",3,4,4,0,0,0,0,0,0,1
"81",3,5,1,0,1,0,1,0,19.99,0
"82",3,5,2,1,0,0,1,0,12.99,0
"83",3,5,3,0,1,0,1,1,7.99,0
"84",3,5,4,0,0,0,0,0,0,1
"85",3,6,1,1,0,1,0,1,19.99,0
"86",3,6,2,1,0,0,1,0,7.99,0
"87",3,6,3,0,1,1,0,1,19.99,0
"88",3,6,4,0,0,0,0,0,0,1
"89",3,7,1,0,1,1,0,1,7.99,0
"90",3,7,2,1,0,0,1,1,19.99,0
"91",3,7,3,0,1,0,1,1,12.99,0
"92",3,7,4,0,0,0,0,0,0,1
"93",3,8,1,1,0,1,0,1,7.99,0
"94",3,8,2,1,0,1,0,1,12.99,0
"95",3,8,3,0,1,0,1,0,12.99,0
"96",3,8,4,0,0,0,0,0,0,1
"97",4,1,1,0,1,1,0,0,19.99,0
"98",4,1,2,1,0,1,0,1,12.99,1
"99",4,1,3,0,1,0,1,1,7.99,0
"100",4,1,4,0,0,0,0,0,0,0
"101",4,2,1,1,0,1,0,1,19.99,0
"102",4,2,2,0,1,0,1,0,7.99,0
"103",4,2,3,0,1,1,0,1,12.99,1
"104",4,2,4,0,0,0,0,0,0,0
"105",4,3,1,1,0,0,1,0,7.99,0
"106",4,3,2,1,0,1,0,0,12.99,0
"107",4,3,3,1,0,1,0,1,7.99,1
"108",4,3,4,0,0,0,0,0,0,0
"109",4,4,1,0,1,1,0,1,19.99,0
"110",4,4,2,0,1,0,1,1,19.99,0
"111",4,4,3,0,1,1,0,0,12.99,0
"112",4,4,4,0,0,0,0,0,0,1
"113",4,5,1,0,1,1,0,0,7.99,0
"114",4,5,2,1,0,1,0,0,19.99,0
"115",4,5,3,1,0,1,0,0,7.99,1
"116",4,5,4,0,0,0,0,0,0,0
"117",4,6,1,0,1,0,1,0,19.99,0
"118",4,6,2,1,0,0,1,1,12.99,0
"119",4,6,3,1,0,0,1,1,7.99,1
"120",4,6,4,0,0,0,0,0,0,0
"121",4,7,1,0,1,0,1,0,12.99,0
"122",4,7,2,1,0,0,1,1,19.99,0
"123",4,7,3,0,1,0,1,1,12.99,1
"124",4,7,4,0,0,0,0,0,0,0
"125",4,8,1,1,0,0,1,0,12.99,0
"126",4,8,2,1,0,0,1,0,19.99,0
"127",4,8,3,0,1,1,0,1,7.99,1
"128",4,8,4,0,0,0,0,0,0,0
"129",5,1,1,0,1,1,0,1,19.99,0
"130",5,1,2,0,1,0,1,1,7.99,1
"131",5,1,3,0,1,0,1,0,12.99,0
"132",5,1,4,0,0,0,0,0,0,0
"133",5,2,1,1,0,0,1,1,19.99,0
"134",5,2,2,0,1,1,0,1,7.99,1
"135",5,2,3,1,0,1,0,0,12.99,0
"136",5,2,4,0,0,0,0,0,0,0
"137",5,3,1,0,1,0,1,0,7.99,0
"138",5,3,2,0,1,1,0,0,19.99,1
"139",5,3,3,1,0,0,1,0,12.99,0
"140",5,3,4,0,0,0,0,0,0,0
"141",5,4,1,0,1,0,1,1,12.99,1
"142",5,4,2,1,0,1,0,1,19.99,0
"143",5,4,3,1,0,1,0,1,12.99,0
"144",5,4,4,0,0,0,0,0,0,0
"145",5,5,1,1,0,0,1,0,7.99,1
"146",5,5,2,1,0,1,0,0,7.99,0
"147",5,5,3,0,1,1,0,0,12.99,0
"148",5,5,4,0,0,0,0,0,0,0
"149",5,6,1,1,0,0,1,1,7.99,0
"150",5,6,2,1,0,1,0,0,19.99,0
"151",5,6,3,0,1,1,0,0,7.99,1
"152",5,6,4,0,0,0,0,0,0,0
"153",5,7,1,1,0,0,1,1,12.99,0
"154",5,7,2,1,0,0,1,0,19.99,0
"155",5,7,3,0,1,1,0,1,12.99,1
"156",5,7,4,0,0,0,0,0,0,0
"157",5,8,1,0,1,0,1,0,19.99,1
"158",5,8,2,1,0,1,0,1,7.99,0
"159",5,8,3,0,1,0,1,1,19.99,0
"160",5,8,4,0,0,0,0,0,0,0
"161",6,1,1,0,1,1,0,1,12.99,0
"162",6,1,2,0,1,0,1,0,7.99,0
"163",6,1,3,0,1,0,1,0,12.99,0
"164",6,1,4,0,0,0,0,0,0,1
"165",6,2,1,0,1,0,1,0,19.99,0
"166",6,2,2,1,0,1,0,0,19.99,0
"167",6,2,3,0,1,0,1,1,12.99,0
"168",6,2,4,0,0,0,0,0,0,1
"169",6,3,1,0,1,0,1,1,19.99,0
"170",6,3,2,1,0,1,0,0,7.99,0
"171",6,3,3,1,0,0,1,0,7.99,0
"172",6,3,4,0,0,0,0,0,0,1
"173",6,4,1,0,1,1,0,0,12.99,0
"174",6,4,2,1,0,1,0,1,19.99,0
"175",6,4,3,0,1,0,1,1,7.99,0
"176",6,4,4,0,0,0,0,0,0,1
"177",6,5,1,0,1,1,0,0,7.99,0
"178",6,5,2,1,0,0,1,0,12.99,0
"179",6,5,3,1,0,1,0,0,12.99,0
"180",6,5,4,0,0,0,0,0,0,1
"181",6,6,1,1,0,0,1,0,19.99,0
"182",6,6,2,1,0,1,0,1,7.99,0
"183",6,6,3,0,1,1,0,1,7.99,0
"184",6,6,4,0,0,0,0,0,0,1
"185",6,7,1,1,0,0,1,1,12.99,0
"186",6,7,2,1,0,0,1,1,19.99,0
"187",6,7,3,1,0,0,1,1,7.99,0
"188",6,7,4,0,0,0,0,0,0,1
"189",6,8,1,0,1,1,0,1,19.99,0
"190",6,8,2,1,0,1,0,1,12.99,0
"191",6,8,3,0,1,1,0,0,19.99,0
"192",6,8,4,0,0,0,0,0,0,1
"193",7,1,1,0,1,0,1,0,12.99,0
"194",7,1,2,0,1,0,1,1,7.99,1
"195",7,1,3,1,0,1,0,0,19.99,0
"196",7,1,4,0,0,0,0,0,0,0
"197",7,2,1,1,0,0,1,1,7.99,1
"198",7,2,2,1,0,1,0,0,12.99,0
"199",7,2,3,0,1,1,0,0,7.99,0
"200",7,2,4,0,0,0,0,0,0,0
"201",7,3,1,0,1,1,0,0,12.99,0
"202",7,3,2,1,0,0,1,0,19.99,0
"203",7,3,3,0,1,0,1,1,19.99,1
"204",7,3,4,0,0,0,0,0,0,0
"205",7,4,1,0,1,1,0,1,12.99,0
"206",7,4,2,0,1,0,1,0,7.99,1
"207",7,4,3,1,0,0,1,1,12.99,0
"208",7,4,4,0,0,0,0,0,0,0
"209",7,5,1,1,0,1,0,1,19.99,0
"210",7,5,2,0,1,1,0,0,19.99,1
"211",7,5,3,1,0,0,1,0,12.99,0
"212",7,5,4,0,0,0,0,0,0,0
"213",7,6,1,1,0,0,1,1,19.99,0
"214",7,6,2,1,0,1,0,1,7.99,1
"215",7,6,3,0,1,0,1,0,19.99,0
"216",7,6,4,0,0,0,0,0,0,0
"217",7,7,1,0,1,1,0,1,7.99,1
"218",7,7,2,1,0,1,0,0,7.99,0
"219",7,7,3,1,0,1,0,1,12.99,0
"220",7,7,4,0,0,0,0,0,0,0
"221",7,8,1,1,0,0,1,0,7.99,0
"222",7,8,2,0,1,0,1,1,12.99,1
"223",7,8,3,0,1,1,0,1,19.99,0
"224",7,8,4,0,0,0,0,0,0,0
"225",8,1,1,1,0,0,1,0,12.99,1
"226",8,1,2,0,1,0,1,0,19.99,0
"227",8,1,3,0,1,1,0,1,7.99,0
"228",8,1,4,0,0,0,0,0,0,0
"229",8,2,1,1,0,0,1,1,12.99,1
"230",8,2,2,0,1,1,0,1,19.99,0
"231",8,2,3,0,1,1,0,0,7.99,0
"232",8,2,4,0,0,0,0,0,0,0
"233",8,3,1,1,0,1,0,0,12.99,0
"234",8,3,2,0,1,1,0,0,19.99,0
"235",8,3,3,0,1,0,1,0,7.99,1
"236",8,3,4,0,0,0,0,0,0,0
"237",8,4,1,0,1,0,1,1,12.99,0
"238",8,4,2,1,0,1,0,0,7.99,1
"239",8,4,3,1,0,1,0,0,19.99,0
"240",8,4,4,0,0,0,0,0,0,0
"241",8,5,1,1,0,1,0,1,7.99,1
"242",8,5,2,0,1,0,1,1,19.99,0
"243",8,5,3,0,1,0,1,0,12.99,0
"244",8,5,4,0,0,0,0,0,0,0
"245",8,6,1,1,0,0,1,0,7.99,0
"246",8,6,2,0,1,1,0,0,12.99,0
"247",8,6,3,0,1,0,1,1,7.99,1
"248",8,6,4,0,0,0,0,0,0,0
"249",8,7,1,0,1,1,0,1,12.99,1
"250",8,7,2,1,0,1,0,1,12.99,0
"251",8,7,3,1,0,1,0,1,19.99,0
"252",8,7,4,0,0,0,0,0,0,0
"253",8,8,1,1,0,0,1,1,19.99,1
"254",8,8,2,1,0,0,1,0,19.99,0
"255",8,8,3,1,0,0,1,1,7.99,0
"256",8,8,4,0,0,0,0,0,0,0
"257",9,1,1,0,1,1,0,0,19.99,0
"258",9,1,2,0,1,1,0,1,12.99,1
"259",9,1,3,0,1,0,1,1,7.99,0
"260",9,1,4,0,0,0,0,0,0,0
"261",9,2,1,1,0,0,1,0,19.99,0
"262",9,2,2,0,1,0,1,0,12.99,0
"263",9,2,3,1,0,1,0,0,7.99,1
"264",9,2,4,0,0,0,0,0,0,0
"265",9,3,1,1,0,1,0,0,19.99,0
"266",9,3,2,0,1,0,1,1,12.99,1
"267",9,3,3,1,0,1,0,1,19.99,0
"268",9,3,4,0,0,0,0,0,0,0
"269",9,4,1,1,0,0,1,0,7.99,0
"270",9,4,2,0,1,1,0,1,7.99,1
"271",9,4,3,0,1,1,0,1,19.99,0
"272",9,4,4,0,0,0,0,0,0,0
"273",9,5,1,1,0,0,1,1,7.99,0
"274",9,5,2,0,1,1,0,0,7.99,0
"275",9,5,3,1,0,1,0,1,12.99,1
"276",9,5,4,0,0,0,0,0,0,0
"277",9,6,1,1,0,0,1,0,12.99,0
"278",9,6,2,1,0,0,1,1,19.99,0
"279",9,6,3,1,0,1,0,1,7.99,1
"280",9,6,4,0,0,0,0,0,0,0
"281",9,7,1,1,0,0,1,1,12.99,0
"282",9,7,2,0,1,0,1,1,19.99,0
"283",9,7,3,0,1,1,0,0,12.99,1
"284",9,7,4,0,0,0,0,0,0,0
"285",9,8,1,0,1,0,1,0,19.99,0
"286",9,8,2,0,1,0,1,0,7.99,0
"287",9,8,3,1,0,1,0,0,12.99,1
"288",9,8,4,0,0,0,0,0,0,0
"289",10,1,1,0,1,0,1,1,12.99,0
"290",10,1,2,1,0,0,1,1,7.99,0
"291",10,1,3,0,1,0,1,0,19.99,0
"292",10,1,4,0,0,0,0,0,0,1
"293",10,2,1,0,1,1,0,0,12.99,0
"294",10,2,2,0,1,0,1,1,7.99,0
"295",10,2,3,0,1,1,0,1,19.99,0
"296",10,2,4,0,0,0,0,0,0,1
"297",10,3,1,1,0,0,1,0,7.99,0
"298",10,3,2,1,0,1,0,1,19.99,0
"299",10,3,3,1,0,1,0,1,12.99,0
"300",10,3,4,0,0,0,0,0,0,1
"301",10,4,1,1,0,1,0,0,19.99,0
"302",10,4,2,0,1,1,0,0,7.99,0
"303",10,4,3,0,1,0,1,1,19.99,0
"304",10,4,4,0,0,0,0,0,0,1
"305",10,5,1,0,1,0,1,0,12.99,0
"306",10,5,2,0,1,1,0,1,12.99,0
"307",10,5,3,0,1,0,1,0,7.99,0
"308",10,5,4,0,0,0,0,0,0,1
"309",10,6,1,1,0,0,1,1,19.99,0
"310",10,6,2,0,1,1,0,1,7.99,0
"311",10,6,3,0,1,1,0,0,19.99,0
"312",10,6,4,0,0,0,0,0,0,1
"313",10,7,1,1,0,0,1,0,12.99,0
"314",10,7,2,1,0,0,1,1,12.99,0
"315",10,7,3,1,0,0,1,0,19.99,0
"316",10,7,4,0,0,0,0,0,0,1
"317",10,8,1,1,0,1,0,0,12.99,0
"318",10,8,2,1,0,1,0,0,7.99,0
"319",10,8,3,1,0,1,0,1,7.99,0
"320",10,8,4,0,0,0,0,0,0,1
"321",11,1,1,1,0,0,1,0,12.99,0
"322",11,1,2,1,0,1,0,1,7.99,0
"323",11,1,3,0,1,1,0,0,12.99,0
"324",11,1,4,0,0,0,0,0,0,1
"325",11,2,1,0,1,0,1,0,7.99,0
"326",11,2,2,1,0,0,1,1,19.99,0
"327",11,2,3,1,0,0,1,0,7.99,0
"328",11,2,4,0,0,0,0,0,0,1
"329",11,3,1,1,0,1,0,1,12.99,0
"330",11,3,2,0,1,1,0,0,19.99,0
"331",11,3,3,0,1,0,1,1,12.99,0
"332",11,3,4,0,0,0,0,0,0,1
"333",11,4,1,1,0,0,1,1,7.99,0
"334",11,4,2,1,0,1,0,0,12.99,0
"335",11,4,3,1,0,1,0,0,19.99,0
"336",11,4,4,0,0,0,0,0,0,1
"337",11,5,1,0,1,0,1,0,19.99,0
"338",11,5,2,0,1,1,0,1,7.99,0
"339",11,5,3,1,0,1,0,1,19.99,0
"340",11,5,4,0,0,0,0,0,0,1
"341",11,6,1,1,0,0,1,1,12.99,0
"342",11,6,2,0,1,0,1,1,19.99,0
"343",11,6,3,0,1,0,1,1,7.99,0
"344",11,6,4,0,0,0,0,0,0,1
"345",11,7,1,1,0,1,0,0,7.99,0
"346",11,7,2,0,1,0,1,0,12.99,0
"347",11,7,3,0,1,1,0,1,12.99,0
"348",11,7,4,0,0,0,0,0,0,1
"349",11,8,1,0,1,1,0,0,7.99,0
"350",11,8,2,0,1,1,0,1,19.99,0
"351",11,8,3,1,0,0,1,0,19.99,1
"352",11,8,4,0,0,0,0,0,0,0
"353",12,1,1,0,1,0,1,0,19.99,0
"354",12,1,2,0,1,0,1,0,12.99,1
"355",12,1,3,0,1,1,0,0,19.99,0
"356",12,1,4,0,0,0,0,0,0,0
"357",12,2,1,1,0,1,0,1,12.99,1
"358",12,2,2,1,0,0,1,0,19.99,0
"359",12,2,3,1,0,1,0,0,7.99,0
"360",12,2,4,0,0,0,0,0,0,0
"361",12,3,1,0,1,0,1,1,7.99,0
"362",12,3,2,0,1,1,0,1,12.99,0
"363",12,3,3,1,0,0,1,1,19.99,1
"364",12,3,4,0,0,0,0,0,0,0
"365",12,4,1,0,1,1,0,0,12.99,0
"366",12,4,2,1,0,1,0,0,19.99,0
"367",12,4,3,0,1,1,0,1,7.99,1
"368",12,4,4,0,0,0,0,0,0,0
"369",12,5,1,1,0,0,1,1,7.99,1
"370",12,5,2,1,0,0,1,1,12.99,0
"371",12,5,3,0,1,1,0,1,19.99,0
"372",12,5,4,0,0,0,0,0,0,0
"373",12,6,1,1,0,1,0,0,12.99,0
"374",12,6,2,0,1,0,1,0,7.99,0
"375",12,6,3,1,0,0,1,0,7.99,1
"376",12,6,4,0,0,0,0,0,0,0
"377",12,7,1,1,0,1,0,1,19.99,0
"378",12,7,2,0,1,0,1,1,12.99,1
"379",12,7,3,0,1,1,0,0,7.99,0
"380",12,7,4,0,0,0,0,0,0,0
"381",12,8,1,1,0,0,1,0,12.99,0
"382",12,8,2,1,0,1,0,1,7.99,0
"383",12,8,3,0,1,0,1,1,19.99,1
"384",12,8,4,0,0,0,0,0,0,0
"385",13,1,1,0,1,1,0,1,12.99,0
"386",13,1,2,1,0,0,1,1,19.99,0
"387",13,1,3,1,0,0,1,1,12.99,0
"388",13,1,4,0,0,0,0,0,0,1
"389",13,2,1,0,1,0,1,0,7.99,0
"390",13,2,2,0,1,1,0,1,19.99,0
"391",13,2,3,0,1,1,0,0,7.99,0
"392",13,2,4,0,0,0,0,0,0,1
"393",13,3,1,1,0,1,0,0,19.99,0
"394",13,3,2,1,0,0,1,1,7.99,0
"395",13,3,3,0,1,0,1,1,12.99,0
"396",13,3,4,0,0,0,0,0,0,1
"397",13,4,1,1,0,1,0,1,12.99,0
"398",13,4,2,0,1,1,0,0,19.99,0
"399",13,4,3,0,1,1,0,1,7.99,0
"400",13,4,4,0,0,0,0,0,0,1
"401",13,5,1,1,0,1,0,0,12.99,0
"402",13,5,2,0,1,0,1,0,19.99,0
"403",13,5,3,1,0,1,0,0,7.99,0
"404",13,5,4,0,0,0,0,0,0,1
"405",13,6,1,0,1,0,1,0,12.99,0
"406",13,6,2,1,0,0,1,0,7.99,0
"407",13,6,3,1,0,0,1,0,19.99,0
"408",13,6,4,0,0,0,0,0,0,1
"409",13,7,1,1,0,1,0,1,7.99,0
"410",13,7,2,0,1,0,1,1,19.99,0
"411",13,7,3,0,1,1,0,0,12.99,0
"412",13,7,4,0,0,0,0,0,0,1
"413",13,8,1,1,0,0,1,0,12.99,0
"414",13,8,2,1,0,1,0,1,19.99,0
"415",13,8,3,0,1,0,1,1,7.99,0
"416",13,8,4,0,0,0,0,0,0,1
"417",14,1,1,0,1,1,0,1,12.99,0
"418",14,1,2,1,0,1,0,0,7.99,0
"419",14,1,3,0,1,0,1,0,12.99,0
"420",14,1,4,0,0,0,0,0,0,1
"421",14,2,1,0,1,1,0,1,19.99,0
"422",14,2,2,0,1,1,0,1,7.99,0
"423",14,2,3,0,1,0,1,0,19.99,0
"424",14,2,4,0,0,0,0,0,0,1
"425",14,3,1,1,0,0,1,0,12.99,0
"426",14,3,2,1,0,1,0,0,19.99,0
"427",14,3,3,0,1,1,0,0,12.99,0
"428",14,3,4,0,0,0,0,0,0,1
"429",14,4,1,1,0,1,0,1,7.99,0
"430",14,4,2,0,1,0,1,1,19.99,0
"431",14,4,3,0,1,1,0,0,7.99,0
"432",14,4,4,0,0,0,0,0,0,1
"433",14,5,1,0,1,1,0,0,19.99,0
"434",14,5,2,0,1,0,1,1,7.99,0
"435",14,5,3,1,0,0,1,1,19.99,0
"436",14,5,4,0,0,0,0,0,0,1
"437",14,6,1,1,0,0,1,1,12.99,0
"438",14,6,2,1,0,1,0,1,12.99,0
"439",14,6,3,1,0,1,0,1,19.99,0
"440",14,6,4,0,0,0,0,0,0,1
"441",14,7,1,1,0,0,1,1,7.99,0
"442",14,7,2,1,0,1,0,0,12.99,0
"443",14,7,3,1,0,0,1,0,7.99,0
"444",14,7,4,0,0,0,0,0,0,1
"445",14,8,1,1,0,0,1,0,19.99,0
"446",14,8,2,0,1,0,1,1,12.99,0
"447",14,8,3,0,1,0,1,0,7.99,0
"448",14,8,4,0,0,0,0,0,0,1
"449",15,1,1,1,0,1,0,1,19.99,0
"450",15,1,2,1,0,1,0,0,12.99,1
"451",15,1,3,0,1,0,1,1,7.99,0
"452",15,1,4,0,0,0,0,0,0,0
"453",15,2,1,1,0,0,1,0,12.99,0
"454",15,2,2,1,0,1,0,1,7.99,0
"455",15,2,3,0,1,1,0,1,12.99,1
"456",15,2,4,0,0,0,0,0,0,0
"457",15,3,1,0,1,1,0,0,19.99,0
"458",15,3,2,1,0,1,0,0,19.99,1
"459",15,3,3,1,0,1,0,0,7.99,0
"460",15,3,4,0,0,0,0,0,0,0
"461",15,4,1,1,0,0,1,1,12.99,0
"462",15,4,2,1,0,0,1,0,7.99,0
"463",15,4,3,0,1,0,1,0,7.99,1
"464",15,4,4,0,0,0,0,0,0,0
"465",15,5,1,1,0,0,1,0,19.99,0
"466",15,5,2,0,1,1,0,0,12.99,1
"467",15,5,3,1,0,0,1,1,19.99,0
"468",15,5,4,0,0,0,0,0,0,0
"469",15,6,1,0,1,1,0,0,7.99,0
"470",15,6,2,0,1,0,1,1,19.99,1
"471",15,6,3,1,0,1,0,1,12.99,0
"472",15,6,4,0,0,0,0,0,0,0
"473",15,7,1,1,0,0,1,1,7.99,0
"474",15,7,2,0,1,0,1,1,12.99,0
"475",15,7,3,0,1,0,1,0,12.99,1
"476",15,7,4,0,0,0,0,0,0,0
"477",15,8,1,0,1,1,0,1,7.99,0
"478",15,8,2,0,1,0,1,0,19.99,0
"479",15,8,3,0,1,1,0,1,19.99,1
"480",15,8,4,0,0,0,0,0,0,0
"481",16,1,1,1,0,1,0,1,19.99,0
"482",16,1,2,1,0,0,1,0,12.99,0
"483",16,1,3,1,0,1,0,0,7.99,1
"484",16,1,4,0,0,0,0,0,0,0
"485",16,2,1,1,0,0,1,1,19.99,1
"486",16,2,2,0,1,1,0,0,12.99,0
"487",16,2,3,0,1,1,0,0,19.99,0
"488",16,2,4,0,0,0,0,0,0,0
"489",16,3,1,0,1,0,1,0,12.99,0
"490",16,3,2,1,0,0,1,0,7.99,0
"491",16,3,3,0,1,1,0,1,7.99,1
"492",16,3,4,0,0,0,0,0,0,0
"493",16,4,1,1,0,0,1,1,12.99,1
"494",16,4,2,0,1,0,1,0,7.99,0
"495",16,4,3,1,0,1,0,0,19.99,0
"496",16,4,4,0,0,0,0,0,0,0
"497",16,5,1,1,0,1,0,1,7.99,1
"498",16,5,2,1,0,1,0,1,12.99,0
"499",16,5,3,0,1,1,0,0,7.99,0
"500",16,5,4,0,0,0,0,0,0,0
"501",16,6,1,1,0,1,0,0,12.99,0
"502",16,6,2,1,0,0,1,0,19.99,0
"503",16,6,3,1,0,0,1,1,7.99,1
"504",16,6,4,0,0,0,0,0,0,0
"505",16,7,1,0,1,0,1,1,12.99,0
"506",16,7,2,0,1,0,1,1,7.99,1
"507",16,7,3,0,1,0,1,0,19.99,0
"508",16,7,4,0,0,0,0,0,0,0
"509",16,8,1,0,1,0,1,1,19.99,0
"510",16,8,2,0,1,1,0,1,12.99,1
"511",16,8,3,0,1,1,0,1,19.99,0
"512",16,8,4,0,0,0,0,0,0,0
"513",17,1,1,0,1,0,1,0,12.99,0
"514",17,1,2,1,0,1,0,0,19.99,0
"515",17,1,3,0,1,0,1,1,7.99,1
"516",17,1,4,0,0,0,0,0,0,0
"517",17,2,1,1,0,1,0,0,12.99,0
"518",17,2,2,1,0,0,1,1,19.99,1
"519",17,2,3,0,1,1,0,1,12.99,0
"520",17,2,4,0,0,0,0,0,0,0
"521",17,3,1,1,0,1,0,0,7.99,0
"522",17,3,2,1,0,0,1,0,19.99,0
"523",17,3,3,1,0,0,1,0,12.99,1
"524",17,3,4,0,0,0,0,0,0,0
"525",17,4,1,0,1,1,0,1,7.99,1
"526",17,4,2,1,0,0,1,0,7.99,0
"527",17,4,3,0,1,0,1,1,19.99,0
"528",17,4,4,0,0,0,0,0,0,0
"529",17,5,1,1,0,1,0,1,12.99,0
"530",17,5,2,1,0,1,0,1,7.99,0
"531",17,5,3,0,1,0,1,1,12.99,1
"532",17,5,4,0,0,0,0,0,0,0
"533",17,6,1,0,1,1,0,1,19.99,0
"534",17,6,2,0,1,1,0,0,19.99,0
"535",17,6,3,0,1,0,1,0,7.99,1
"536",17,6,4,0,0,0,0,0,0,0
"537",17,7,1,1,0,0,1,1,12.99,0
"538",17,7,2,1,0,1,0,1,19.99,1
"539",17,7,3,0,1,1,0,0,7.99,0
"540",17,7,4,0,0,0,0,0,0,0
"541",17,8,1,0,1,1,0,0,12.99,0
"542",17,8,2,0,1,0,1,0,19.99,0
"543",17,8,3,1,0,0,1,1,7.99,1
"544",17,8,4,0,0,0,0,0,0,0
"545",18,1,1,1,0,1,0,1,19.99,0
"546",18,1,2,0,1,1,0,1,12.99,0
"547",18,1,3,1,0,1,0,0,7.99,0
"548",18,1,4,0,0,0,0,0,0,1
"549",18,2,1,0,1,1,0,1,19.99,0
"550",18,2,2,1,0,1,0,0,12.99,0
"551",18,2,3,1,0,0,1,0,7.99,0
"552",18,2,4,0,0,0,0,0,0,1
"553",18,3,1,1,0,1,0,0,19.99,0
"554",18,3,2,1,0,0,1,1,7.99,0
"555",18,3,3,0,1,0,1,0,12.99,0
"556",18,3,4,0,0,0,0,0,0,1
"557",18,4,1,1,0,0,1,0,12.99,0
"558",18,4,2,1,0,0,1,0,19.99,0
"559",18,4,3,0,1,0,1,1,19.99,0
"560",18,4,4,0,0,0,0,0,0,1
"561",18,5,1,0,1,0,1,1,7.99,0
"562",18,5,2,1,0,1,0,1,7.99,0
"563",18,5,3,0,1,1,0,0,7.99,0
"564",18,5,4,0,0,0,0,0,0,1
"565",18,6,1,1,0,0,1,1,12.99,0
"566",18,6,2,1,0,1,0,1,12.99,0
"567",18,6,3,0,1,1,0,0,19.99,0
"568",18,6,4,0,0,0,0,0,0,1
"569",18,7,1,0,1,0,1,0,7.99,0
"570",18,7,2,0,1,0,1,0,19.99,0
"571",18,7,3,0,1,0,1,1,12.99,0
"572",18,7,4,0,0,0,0,0,0,1
"573",18,8,1,1,0,0,1,1,19.99,0
"574",18,8,2,0,1,1,0,1,7.99,0
"575",18,8,3,0,1,1,0,0,12.99,0
"576",18,8,4,0,0,0,0,0,0,1
"577",19,1,1,1,0,1,0,1,12.99,1
"578",19,1,2,0,1,1,0,0,19.99,0
"579",19,1,3,1,0,0,1,0,7.99,0
"580",19,1,4,0,0,0,0,0,0,0
"581",19,2,1,1,0,1,0,0,12.99,1
"582",19,2,2,1,0,0,1,1,19.99,0
"583",19,2,3,0,1,0,1,0,7.99,0
"584",19,2,4,0,0,0,0,0,0,0
"585",19,3,1,0,1,1,0,0,12.99,1
"586",19,3,2,0,1,0,1,0,19.99,0
"587",19,3,3,0,1,1,0,1,7.99,0
"588",19,3,4,0,0,0,0,0,0,0
"589",19,4,1,1,0,0,1,0,19.99,0
"590",19,4,2,1,0,0,1,1,7.99,1
"591",19,4,3,0,1,0,1,1,7.99,0
"592",19,4,4,0,0,0,0,0,0,0
"593",19,5,1,1,0,1,0,1,19.99,0
"594",19,5,2,1,0,0,1,0,12.99,0
"595",19,5,3,1,0,0,1,1,12.99,1
"596",19,5,4,0,0,0,0,0,0,0
"597",19,6,1,1,0,1,0,0,7.99,1
"598",19,6,2,0,1,0,1,1,19.99,0
"599",19,6,3,0,1,1,0,1,12.99,0
"600",19,6,4,0,0,0,0,0,0,0
"601",19,7,1,1,0,1,0,1,7.99,1
"602",19,7,2,0,1,1,0,1,19.99,0
"603",19,7,3,1,0,1,0,0,19.99,0
"604",19,7,4,0,0,0,0,0,0,0
"605",19,8,1,0,1,0,1,0,12.99,0
"606",19,8,2,0,1,0,1,1,12.99,0
"607",19,8,3,0,1,1,0,0,7.99,1
"608",19,8,4,0,0,0,0,0,0,0
"609",20,1,1,1,0,0,1,0,12.99,0
"610",20,1,2,1,0,1,0,0,19.99,0
"611",20,1,3,1,0,0,1,1,12.99,1
"612",20,1,4,0,0,0,0,0,0,0
"613",20,2,1,0,1,0,1,1,7.99,0
"614",20,2,2,1,0,1,0,1,7.99,0
"615",20,2,3,1,0,0,1,1,19.99,1
"616",20,2,4,0,0,0,0,0,0,0
"617",20,3,1,1,0,1,0,0,7.99,0
"618",20,3,2,0,1,0,1,0,19.99,1
"619",20,3,3,0,1,0,1,1,12.99,0
"620",20,3,4,0,0,0,0,0,0,0
"621",20,4,1,0,1,0,1,1,19.99,0
"622",20,4,2,0,1,1,0,1,12.99,1
"623",20,4,3,0,1,1,0,0,12.99,0
"624",20,4,4,0,0,0,0,0,0,0
"625",20,5,1,1,0,1,0,1,19.99,0
"626",20,5,2,0,1,0,1,0,12.99,1
"627",20,5,3,0,1,1,0,1,19.99,0
"628",20,5,4,0,0,0,0,0,0,0
"629",20,6,1,0,1,1,0,0,7.99,0
"630",20,6,2,0,1,1,0,1,7.99,0
"631",20,6,3,1,0,0,1,1,7.99,1
"632",20,6,4,0,0,0,0,0,0,0
"633",20,7,1,1,0,1,0,1,12.99,0
"634",20,7,2,0,1,1,0,0,19.99,0
"635",20,7,3,1,0,1,0,0,12.99,1
"636",20,7,4,0,0,0,0,0,0,0
"637",20,8,1,1,0,0,1,0,19.99,0
"638",20,8,2,0,1,0,1,0,7.99,0
"639",20,8,3,1,0,0,1,0,7.99,1
"640",20,8,4,0,0,0,0,0,0,0
"641",21,1,1,1,0,1,0,0,12.99,0
"642",21,1,2,0,1,0,1,1,19.99,1
"643",21,1,3,0,1,0,1,0,7.99,0
"644",21,1,4,0,0,0,0,0,0,0
"645",21,2,1,1,0,0,1,0,12.99,0
"646",21,2,2,0,1,0,1,1,7.99,1
"647",21,2,3,1,0,0,1,0,19.99,0
"648",21,2,4,0,0,0,0,0,0,0
"649",21,3,1,1,0,0,1,1,7.99,0
"650",21,3,2,0,1,0,1,1,12.99,0
"651",21,3,3,0,1,1,0,1,7.99,1
"652",21,3,4,0,0,0,0,0,0,0
"653",21,4,1,1,0,0,1,1,12.99,0
"654",21,4,2,0,1,1,0,0,19.99,1
"655",21,4,3,1,0,1,0,1,19.99,0
"656",21,4,4,0,0,0,0,0,0,0
"657",21,5,1,0,1,1,0,0,12.99,0
"658",21,5,2,1,0,1,0,0,7.99,1
"659",21,5,3,0,1,0,1,0,12.99,0
"660",21,5,4,0,0,0,0,0,0,0
"661",21,6,1,0,1,1,0,1,19.99,0
"662",21,6,2,0,1,1,0,0,7.99,0
"663",21,6,3,1,0,0,1,1,19.99,1
"664",21,6,4,0,0,0,0,0,0,0
"665",21,7,1,0,1,1,0,1,12.99,0
"666",21,7,2,1,0,1,0,1,7.99,1
"667",21,7,3,0,1,0,1,0,19.99,0
"668",21,7,4,0,0,0,0,0,0,0
"669",21,8,1,1,0,0,1,0,7.99,1
"670",21,8,2,1,0,1,0,1,12.99,0
"671",21,8,3,1,0,1,0,0,19.99,0
"672",21,8,4,0,0,0,0,0,0,0
"673",22,1,1,1,0,1,0,0,12.99,0
"674",22,1,2,1,0,0,1,0,7.99,1
"675",22,1,3,0,1,0,1,0,19.99,0
"676",22,1,4,0,0,0,0,0,0,0
"677",22,2,1,1,0,1,0,1,7.99,1
"678",22,2,2,0,1,1,0,0,19.99,0
"679",22,2,3,0,1,0,1,1,7.99,0
"680",22,2,4,0,0,0,0,0,0,0
"681",22,3,1,0,1,1,0,0,12.99,0
"682",22,3,2,1,0,0,1,0,12.99,0
"683",22,3,3,0,1,0,1,0,7.99,0
"684",22,3,4,0,0,0,0,0,0,1
"685",22,4,1,0,1,0,1,1,19.99,0
"686",22,4,2,1,0,0,1,1,12.99,0
"687",22,4,3,1,0,1,0,1,12.99,0
"688",22,4,4,0,0,0,0,0,0,1
"689",22,5,1,1,0,1,0,1,19.99,0
"690",22,5,2,0,1,1,0,1,19.99,0
"691",22,5,3,1,0,1,0,0,7.99,1
"692",22,5,4,0,0,0,0,0,0,0
"693",22,6,1,0,1,1,0,0,7.99,1
"694",22,6,2,0,1,0,1,1,12.99,0
"695",22,6,3,1,0,0,1,0,19.99,0
"696",22,6,4,0,0,0,0,0,0,0
"697",22,7,1,0,1,1,0,1,12.99,0
"698",22,7,2,1,0,1,0,0,19.99,0
"699",22,7,3,1,0,0,1,1,19.99,0
"700",22,7,4,0,0,0,0,0,0,1
"701",22,8,1,0,1,0,1,0,12.99,0
"702",22,8,2,0,1,1,0,1,7.99,0
"703",22,8,3,1,0,0,1,1,7.99,1
"704",22,8,4,0,0,0,0,0,0,0
"705",23,1,1,0,1,0,1,0,12.99,0
"706",23,1,2,0,1,1,0,1,7.99,1
"707",23,1,3,0,1,1,0,1,12.99,0
"708",23,1,4,0,0,0,0,0,0,0
"709",23,2,1,1,0,0,1,0,19.99,0
"710",23,2,2,1,0,1,0,0,19.99,0
"711",23,2,3,1,0,1,0,1,7.99,1
"712",23,2,4,0,0,0,0,0,0,0
"713",23,3,1,0,1,1,0,0,12.99,0
"714",23,3,2,0,1,0,1,0,7.99,0
"715",23,3,3,1,0,1,0,1,12.99,1
"716",23,3,4,0,0,0,0,0,0,0
"717",23,4,1,1,0,0,1,0,7.99,0
"718",23,4,2,0,1,0,1,1,19.99,0
"719",23,4,3,0,1,0,1,1,7.99,1
"720",23,4,4,0,0,0,0,0,0,0
"721",23,5,1,1,0,0,1,0,12.99,0
"722",23,5,2,1,0,0,1,1,12.99,1
"723",23,5,3,0,1,1,0,0,7.99,0
"724",23,5,4,0,0,0,0,0,0,0
"725",23,6,1,0,1,1,0,0,19.99,0
"726",23,6,2,0,1,1,0,1,19.99,1
"727",23,6,3,0,1,0,1,0,19.99,0
"728",23,6,4,0,0,0,0,0,0,0
"729",23,7,1,1,0,1,0,0,12.99,0
"730",23,7,2,1,0,0,1,1,19.99,0
"731",23,7,3,1,0,1,0,1,19.99,1
"732",23,7,4,0,0,0,0,0,0,0
"733",23,8,1,1,0,0,1,1,7.99,0
"734",23,8,2,0,1,0,1,1,12.99,0
"735",23,8,3,1,0,1,0,0,7.99,1
"736",23,8,4,0,0,0,0,0,0,0
"737",24,1,1,0,1,1,0,1,19.99,0
"738",24,1,2,1,0,1,0,1,7.99,1
"739",24,1,3,0,1,0,1,0,12.99,0
"740",24,1,4,0,0,0,0,0,0,0
"741",24,2,1,1,0,0,1,0,7.99,0
"742",24,2,2,0,1,0,1,1,19.99,1
"743",24,2,3,1,0,1,0,0,12.99,0
"744",24,2,4,0,0,0,0,0,0,0
"745",24,3,1,0,1,0,1,0,7.99,0
"746",24,3,2,0,1,1,0,0,12.99,0
"747",24,3,3,1,0,0,1,0,12.99,1
"748",24,3,4,0,0,0,0,0,0,0
"749",24,4,1,1,0,1,0,0,19.99,1
"750",24,4,2,0,1,1,0,0,7.99,0
"751",24,4,3,1,0,0,1,0,19.99,0
"752",24,4,4,0,0,0,0,0,0,0
"753",24,5,1,1,0,0,1,1,12.99,0
"754",24,5,2,0,1,1,0,1,7.99,1
"755",24,5,3,0,1,1,0,1,12.99,0
"756",24,5,4,0,0,0,0,0,0,0
"757",24,6,1,1,0,0,1,1,7.99,1
"758",24,6,2,0,1,0,1,0,19.99,0
"759",24,6,3,0,1,0,1,1,7.99,0
"760",24,6,4,0,0,0,0,0,0,0
"761",24,7,1,1,0,0,1,1,19.99,0
"762",24,7,2,1,0,1,0,1,19.99,0
"763",24,7,3,0,1,1,0,0,19.99,1
"764",24,7,4,0,0,0,0,0,0,0
"765",24,8,1,1,0,1,0,1,12.99,0
"766",24,8,2,0,1,0,1,1,12.99,0
"767",24,8,3,1,0,1,0,0,7.99,1
"768",24,8,4,0,0,0,0,0,0,0
"769",25,1,1,0,1,0,1,1,12.99,1
"770",25,1,2,1,0,1,0,1,19.99,0
"771",25,1,3,1,0,1,0,1,12.99,0
"772",25,1,4,0,0,0,0,0,0,0
"773",25,2,1,0,1,1,0,1,19.99,0
"774",25,2,2,1,0,1,0,0,12.99,0
"775",25,2,3,0,1,0,1,1,7.99,1
"776",25,2,4,0,0,0,0,0,0,0
"777",25,3,1,1,0,0,1,0,7.99,1
"778",25,3,2,1,0,1,0,0,7.99,0
"779",25,3,3,1,0,1,0,1,7.99,0
"780",25,3,4,0,0,0,0,0,0,0
"781",25,4,1,0,1,0,1,0,12.99,0
"782",25,4,2,1,0,1,0,0,19.99,0
"783",25,4,3,0,1,0,1,0,7.99,1
"784",25,4,4,0,0,0,0,0,0,0
"785",25,5,1,1,0,0,1,1,19.99,0
"786",25,5,2,1,0,0,1,1,12.99,1
"787",25,5,3,0,1,0,1,1,19.99,0
"788",25,5,4,0,0,0,0,0,0,0
"789",25,6,1,1,0,0,1,1,7.99,0
"790",25,6,2,0,1,1,0,0,19.99,0
"791",25,6,3,0,1,1,0,1,7.99,1
"792",25,6,4,0,0,0,0,0,0,0
"793",25,7,1,0,1,1,0,1,12.99,0
"794",25,7,2,1,0,0,1,0,19.99,0
"795",25,7,3,0,1,1,0,0,7.99,1
"796",25,7,4,0,0,0,0,0,0,0
"797",25,8,1,0,1,1,0,0,12.99,1
"798",25,8,2,0,1,0,1,0,19.99,0
"799",25,8,3,1,0,0,1,0,12.99,0
"800",25,8,4,0,0,0,0,0,0,0
"801",26,1,1,0,1,0,1,1,19.99,0
"802",26,1,2,0,1,0,1,1,7.99,1
"803",26,1,3,1,0,0,1,0,12.99,0
"804",26,1,4,0,0,0,0,0,0,0
"805",26,2,1,0,1,0,1,0,19.99,0
"806",26,2,2,1,0,1,0,1,7.99,1
"807",26,2,3,0,1,1,0,0,19.99,0
"808",26,2,4,0,0,0,0,0,0,0
"809",26,3,1,1,0,0,1,1,7.99,1
"810",26,3,2,0,1,1,0,0,12.99,0
"811",26,3,3,1,0,0,1,1,12.99,0
"812",26,3,4,0,0,0,0,0,0,0
"813",26,4,1,0,1,0,1,1,12.99,0
"814",26,4,2,1,0,1,0,0,19.99,0
"815",26,4,3,1,0,1,0,0,7.99,1
"816",26,4,4,0,0,0,0,0,0,0
"817",26,5,1,0,1,0,1,0,12.99,0
"818",26,5,2,0,1,1,0,1,7.99,1
"819",26,5,3,1,0,0,1,1,19.99,0
"820",26,5,4,0,0,0,0,0,0,0
"821",26,6,1,0,1,0,1,0,7.99,1
"822",26,6,2,1,0,1,0,1,12.99,0
"823",26,6,3,1,0,0,1,0,19.99,0
"824",26,6,4,0,0,0,0,0,0,0
"825",26,7,1,0,1,1,0,1,19.99,0
"826",26,7,2,0,1,1,0,0,7.99,1
"827",26,7,3,0,1,1,0,1,12.99,0
"828",26,7,4,0,0,0,0,0,0,0
"829",26,8,1,1,0,0,1,0,7.99,1
"830",26,8,2,1,0,1,0,0,12.99,0
"831",26,8,3,1,0,1,0,1,19.99,0
"832",26,8,4,0,0,0,0,0,0,0
"833",27,1,1,0,1,0,1,1,12.99,0
"834",27,1,2,1,0,1,0,1,19.99,0
"835",27,1,3,1,0,0,1,1,12.99,0
"836",27,1,4,0,0,0,0,0,0,1
"837",27,2,1,1,0,1,0,0,7.99,0
"838",27,2,2,0,1,0,1,1,19.99,0
"839",27,2,3,0,1,1,0,0,12.99,0
"840",27,2,4,0,0,0,0,0,0,1
"841",27,3,1,1,0,0,1,1,7.99,0
"842",27,3,2,0,1,1,0,0,19.99,0
"843",27,3,3,0,1,1,0,1,12.99,0
"844",27,3,4,0,0,0,0,0,0,1
"845",27,4,1,1,0,0,1,0,19.99,0
"846",27,4,2,1,0,1,0,1,7.99,0
"847",27,4,3,0,1,0,1,0,12.99,0
"848",27,4,4,0,0,0,0,0,0,1
"849",27,5,1,1,0,1,0,0,19.99,0
"850",27,5,2,1,0,0,1,0,12.99,0
"851",27,5,3,0,1,1,0,0,7.99,0
"852",27,5,4,0,0,0,0,0,0,1
"853",27,6,1,0,1,0,1,0,7.99,0
"854",27,6,2,0,1,0,1,1,7.99,0
"855",27,6,3,1,0,1,0,0,12.99,0
"856",27,6,4,0,0,0,0,0,0,1
"857",27,7,1,1,0,0,1,0,7.99,0
"858",27,7,2,0,1,1,0,1,7.99,0
"859",27,7,3,1,0,1,0,1,12.99,0
"860",27,7,4,0,0,0,0,0,0,1
"861",27,8,1,0,1,0,1,0,19.99,0
"862",27,8,2,1,0,0,1,1,19.99,0
"863",27,8,3,0,1,1,0,1,19.99,0
"864",27,8,4,0,0,0,0,0,0,1
"865",28,1,1,1,0,1,0,1,12.99,0
"866",28,1,2,1,0,1,0,1,19.99,0
"867",28,1,3,1,0,0,1,1,12.99,1
"868",28,1,4,0,0,0,0,0,0,0
"869",28,2,1,0,1,0,1,0,7.99,1
"870",28,2,2,0,1,1,0,0,7.99,0
"871",28,2,3,0,1,1,0,1,7.99,0
"872",28,2,4,0,0,0,0,0,0,0
"873",28,3,1,1,0,0,1,0,12.99,0
"874",28,3,2,1,0,1,0,0,7.99,1
"875",28,3,3,1,0,1,0,0,19.99,0
"876",28,3,4,0,0,0,0,0,0,0
"877",28,4,1,0,1,1,0,1,12.99,0
"878",28,4,2,1,0,1,0,1,7.99,1
"879",28,4,3,0,1,1,0,0,12.99,0
"880",28,4,4,0,0,0,0,0,0,0
"881",28,5,1,0,1,0,1,1,12.99,0
"882",28,5,2,0,1,0,1,1,19.99,0
"883",28,5,3,0,1,0,1,1,7.99,1
"884",28,5,4,0,0,0,0,0,0,0
"885",28,6,1,1,0,0,1,0,19.99,0
"886",28,6,2,0,1,1,0,0,19.99,0
"887",28,6,3,1,0,1,0,0,12.99,0
"888",28,6,4,0,0,0,0,0,0,1
"889",28,7,1,1,0,0,1,1,7.99,1
"890",28,7,2,0,1,1,0,1,19.99,0
"891",28,7,3,1,0,0,1,1,19.99,0
"892",28,7,4,0,0,0,0,0,0,0
"893",28,8,1,0,1,0,1,0,19.99,0
"894",28,8,2,0,1,0,1,0,12.99,0
"895",28,8,3,1,0,0,1,0,7.99,1
"896",28,8,4,0,0,0,0,0,0,0
"897",29,1,1,0,1,1,0,0,12.99,0
"898",29,1,2,0,1,0,1,1,7.99,1
"899",29,1,3,0,1,1,0,0,19.99,0
"900",29,1,4,0,0,0,0,0,0,0
"901",29,2,1,1,0,0,1,1,12.99,0
"902",29,2,2,0,1,0,1,1,19.99,0
"903",29,2,3,0,1,0,1,0,12.99,1
"904",29,2,4,0,0,0,0,0,0,0
"905",29,3,1,0,1,1,0,0,7.99,0
"906",29,3,2,1,0,1,0,1,7.99,1
"907",29,3,3,1,0,0,1,0,19.99,0
"908",29,3,4,0,0,0,0,0,0,0
"909",29,4,1,0,1,0,1,1,12.99,0
"910",29,4,2,1,0,1,0,1,19.99,0
"911",29,4,3,0,1,1,0,1,7.99,1
"912",29,4,4,0,0,0,0,0,0,0
"913",29,5,1,0,1,1,0,1,19.99,0
"914",29,5,2,1,0,1,0,0,12.99,0
"915",29,5,3,1,0,0,1,1,7.99,1
"916",29,5,4,0,0,0,0,0,0,0
"917",29,6,1,1,0,0,1,1,19.99,0
"918",29,6,2,1,0,0,1,0,7.99,0
"919",29,6,3,0,1,1,0,1,12.99,1
"920",29,6,4,0,0,0,0,0,0,0
"921",29,7,1,0,1,0,1,0,7.99,1
"922",29,7,2,1,0,0,1,0,12.99,0
"923",29,7,3,0,1,0,1,0,19.99,0
"924",29,7,4,0,0,0,0,0,0,0
"925",29,8,1,1,0,1,0,1,12.99,0
"926",29,8,2,1,0,1,0,0,7.99,1
"927",29,8,3,1,0,1,0,0,19.99,0
"928",29,8,4,0,0,0,0,0,0,0
"929",30,1,1,0,1,1,0,0,19.99,0
"930",30,1,2,1,0,1,0,0,12.99,0
"931",30,1,3,1,0,1,0,1,19.99,1
"932",30,1,4,0,0,0,0,0,0,0
"933",30,2,1,0,1,0,1,1,12.99,0
"934",30,2,2,1,0,0,1,1,7.99,0
"935",30,2,3,0,1,1,0,1,12.99,1
"936",30,2,4,0,0,0,0,0,0,0
"937",30,3,1,0,1,1,0,1,7.99,0
"938",30,3,2,0,1,0,1,1,19.99,1
"939",30,3,3,1,0,0,1,0,7.99,0
"940",30,3,4,0,0,0,0,0,0,0
"941",30,4,1,1,0,1,0,1,12.99,1
"942",30,4,2,1,0,1,0,0,19.99,0
"943",30,4,3,0,1,1,0,0,7.99,0
"944",30,4,4,0,0,0,0,0,0,0
"945",30,5,1,1,0,0,1,0,19.99,0
"946",30,5,2,0,1,0,1,0,12.99,1
"947",30,5,3,0,1,0,1,1,7.99,0
"948",30,5,4,0,0,0,0,0,0,0
"949",30,6,1,0,1,0,1,0,19.99,1
"950",30,6,2,1,0,1,0,0,7.99,0
"951",30,6,3,0,1,1,0,0,12.99,0
"952",30,6,4,0,0,0,0,0,0,0
"953",30,7,1,1,0,0,1,1,19.99,1
"954",30,7,2,1,0,0,1,0,12.99,0
"955",30,7,3,1,0,1,0,1,7.99,0
"956",30,7,4,0,0,0,0,0,0,0
"957",30,8,1,0,1,1,0,1,19.99,1
"958",30,8,2,0,1,0,1,0,7.99,0
"959",30,8,3,1,0,0,1,1,12.99,0
"960",30,8,4,0,0,0,0,0,0,0
"961",31,1,1,1,0,1,0,0,12.99,0
"962",31,1,2,0,1,0,1,0,19.99,0
"963",31,1,3,1,0,1,0,1,7.99,1
"964",31,1,4,0,0,0,0,0,0,0
"965",31,2,1,1,0,0,1,0,12.99,0
"966",31,2,2,1,0,0,1,0,19.99,1
"967",31,2,3,0,1,1,0,0,7.99,0
"968",31,2,4,0,0,0,0,0,0,0
"969",31,3,1,0,1,1,0,0,19.99,0
"970",31,3,2,0,1,1,0,1,7.99,0
"971",31,3,3,1,0,1,0,0,7.99,1
"972",31,3,4,0,0,0,0,0,0,0
"973",31,4,1,1,0,0,1,1,12.99,0
"974",31,4,2,0,1,0,1,1,12.99,1
"975",31,4,3,0,1,0,1,1,7.99,0
"976",31,4,4,0,0,0,0,0,0,0
"977",31,5,1,1,0,1,0,1,19.99,0
"978",31,5,2,0,1,1,0,0,12.99,1
"979",31,5,3,0,1,1,0,1,19.99,0
"980",31,5,4,0,0,0,0,0,0,0
"981",31,6,1,0,1,0,1,0,7.99,0
"982",31,6,2,0,1,0,1,1,19.99,0
"983",31,6,3,1,0,0,1,1,19.99,1
"984",31,6,4,0,0,0,0,0,0,0
"985",31,7,1,1,0,0,1,0,7.99,0
"986",31,7,2,0,1,1,0,1,12.99,1
"987",31,7,3,1,0,0,1,1,7.99,0
"988",31,7,4,0,0,0,0,0,0,0
"989",31,8,1,0,1,0,1,0,12.99,0
"990",31,8,2,1,0,1,0,1,12.99,1
"991",31,8,3,1,0,1,0,0,19.99,0
"992",31,8,4,0,0,0,0,0,0,0
"993",32,1,1,1,0,0,1,1,12.99,1
"994",32,1,2,1,0,1,0,1,7.99,0
"995",32,1,3,1,0,1,0,1,19.99,0
"996",32,1,4,0,0,0,0,0,0,0
"997",32,2,1,1,0,1,0,0,7.99,0
"998",32,2,2,0,1,0,1,1,12.99,1
"999",32,2,3,0,1,1,0,1,19.99,0
"1000",32,2,4,0,0,0,0,0,0,0
"1001",32,3,1,1,0,0,1,0,7.99,0
"1002",32,3,2,1,0,0,1,0,19.99,0
"1003",32,3,3,0,1,0,1,0,7.99,1
"1004",32,3,4,0,0,0,0,0,0,0
"1005",32,4,1,1,0,1,0,0,19.99,0
"1006",32,4,2,0,1,1,0,0,19.99,0
"1007",32,4,3,0,1,0,1,1,7.99,0
"1008",32,4,4,0,0,0,0,0,0,1
"1009",32,5,1,1,0,0,1,1,19.99,0
"1010",32,5,2,0,1,1,0,0,12.99,1
"1011",32,5,3,0,1,1,0,0,7.99,0
"1012",32,5,4,0,0,0,0,0,0,0
"1013",32,6,1,1,0,1,0,0,12.99,1
"1014",32,6,2,1,0,1,0,1,12.99,0
"1015",32,6,3,0,1,0,1,0,19.99,0
"1016",32,6,4,0,0,0,0,0,0,0
"1017",32,7,1,0,1,1,0,1,12.99,1
"1018",32,7,2,1,0,0,1,1,7.99,0
"1019",32,7,3,0,1,0,1,0,12.99,0
"1020",32,7,4,0,0,0,0,0,0,0
"1021",32,8,1,0,1,1,0,1,7.99,0
"1022",32,8,2,0,1,0,1,1,19.99,0
"1023",32,8,3,1,0,0,1,0,12.99,1
"1024",32,8,4,0,0,0,0,0,0,0
"1025",33,1,1,0,1,1,0,0,12.99,0
"1026",33,1,2,1,0,1,0,0,19.99,0
"1027",33,1,3,1,0,0,1,0,12.99,1
"1028",33,1,4,0,0,0,0,0,0,0
"1029",33,2,1,0,1,0,1,0,7.99,1
"1030",33,2,2,1,0,0,1,0,7.99,0
"1031",33,2,3,1,0,1,0,1,12.99,0
"1032",33,2,4,0,0,0,0,0,0,0
"1033",33,3,1,0,1,0,1,1,19.99,0
"1034",33,3,2,1,0,1,0,1,7.99,0
"1035",33,3,3,0,1,1,0,1,12.99,1
"1036",33,3,4,0,0,0,0,0,0,0
"1037",33,4,1,0,1,1,0,1,7.99,1
"1038",33,4,2,0,1,1,0,0,19.99,0
"1039",33,4,3,0,1,1,0,1,19.99,0
"1040",33,4,4,0,0,0,0,0,0,0
"1041",33,5,1,1,0,0,1,1,12.99,1
"1042",33,5,2,0,1,1,0,0,7.99,0
"1043",33,5,3,1,0,0,1,1,19.99,0
"1044",33,5,4,0,0,0,0,0,0,0
"1045",33,6,1,1,0,1,0,0,12.99,0
"1046",33,6,2,1,0,1,0,1,19.99,0
"1047",33,6,3,1,0,1,0,0,7.99,1
"1048",33,6,4,0,0,0,0,0,0,0
"1049",33,7,1,0,1,0,1,0,19.99,0
"1050",33,7,2,0,1,0,1,1,7.99,1
"1051",33,7,3,1,0,0,1,0,19.99,0
"1052",33,7,4,0,0,0,0,0,0,0
"1053",33,8,1,0,1,0,1,0,12.99,0
"1054",33,8,2,0,1,0,1,1,12.99,1
"1055",33,8,3,1,0,0,1,1,7.99,0
"1056",33,8,4,0,0,0,0,0,0,0
"1057",34,1,1,1,0,0,1,0,12.99,0
"1058",34,1,2,0,1,1,0,1,19.99,0
"1059",34,1,3,0,1,1,0,0,12.99,0
"1060",34,1,4,0,0,0,0,0,0,1
"1061",34,2,1,0,1,0,1,0,19.99,0
"1062",34,2,2,0,1,0,1,1,7.99,0
"1063",34,2,3,0,1,1,0,0,7.99,0
"1064",34,2,4,0,0,0,0,0,0,1
"1065",34,3,1,1,0,1,0,1,12.99,0
"1066",34,3,2,1,0,1,0,0,19.99,0
"1067",34,3,3,1,0,0,1,1,19.99,0
"1068",34,3,4,0,0,0,0,0,0,1
"1069",34,4,1,1,0,0,1,1,7.99,0
"1070",34,4,2,1,0,1,0,0,7.99,0
"1071",34,4,3,1,0,1,0,1,19.99,0
"1072",34,4,4,0,0,0,0,0,0,1
"1073",34,5,1,0,1,0,1,1,12.99,0
"1074",34,5,2,0,1,1,0,1,12.99,0
"1075",34,5,3,1,0,1,0,0,12.99,0
"1076",34,5,4,0,0,0,0,0,0,1
"1077",34,6,1,1,0,0,1,0,19.99,0
"1078",34,6,2,1,0,1,0,1,7.99,0
"1079",34,6,3,0,1,0,1,0,7.99,0
"1080",34,6,4,0,0,0,0,0,0,1
"1081",34,7,1,1,0,0,1,0,7.99,0
"1082",34,7,2,0,1,0,1,0,12.99,0
"1083",34,7,3,0,1,1,0,0,19.99,0
"1084",34,7,4,0,0,0,0,0,0,1
"1085",34,8,1,1,0,0,1,1,12.99,0
"1086",34,8,2,0,1,0,1,1,19.99,0
"1087",34,8,3,0,1,1,0,1,7.99,0
"1088",34,8,4,0,0,0,0,0,0,1
"1089",35,1,1,0,1,1,0,1,12.99,0
"1090",35,1,2,1,0,1,0,1,7.99,0
"1091",35,1,3,1,0,0,1,1,12.99,0
"1092",35,1,4,0,0,0,0,0,0,1
"1093",35,2,1,0,1,0,1,0,19.99,0
"1094",35,2,2,0,1,1,0,1,19.99,0
"1095",35,2,3,1,0,1,0,0,7.99,0
"1096",35,2,4,0,0,0,0,0,0,1
"1097",35,3,1,0,1,0,1,1,12.99,0
"1098",35,3,2,1,0,0,1,1,19.99,0
"1099",35,3,3,0,1,0,1,0,7.99,0
"1100",35,3,4,0,0,0,0,0,0,1
"1101",35,4,1,1,0,0,1,0,19.99,0
"1102",35,4,2,0,1,1,0,0,7.99,0
"1103",35,4,3,1,0,1,0,0,19.99,0
"1104",35,4,4,0,0,0,0,0,0,1
"1105",35,5,1,1,0,0,1,0,12.99,0
"1106",35,5,2,0,1,1,0,0,12.99,0
"1107",35,5,3,0,1,1,0,0,19.99,0
"1108",35,5,4,0,0,0,0,0,0,1
"1109",35,6,1,0,1,1,0,1,7.99,0
"1110",35,6,2,0,1,0,1,0,12.99,0
"1111",35,6,3,0,1,0,1,1,7.99,0
"1112",35,6,4,0,0,0,0,0,0,1
"1113",35,7,1,1,0,1,0,1,19.99,0
"1114",35,7,2,1,0,1,0,0,12.99,0
"1115",35,7,3,0,1,0,1,1,19.99,0
"1116",35,7,4,0,0,0,0,0,0,1
"1117",35,8,1,1,0,1,0,1,12.99,0
"1118",35,8,2,1,0,0,1,0,7.99,0
"1119",35,8,3,1,0,0,1,1,7.99,0
"1120",35,8,4,0,0,0,0,0,0,1
"1121",36,1,1,1,0,1,0,1,19.99,0
"1122",36,1,2,1,0,0,1,1,7.99,1
"1123",36,1,3,0,1,0,1,0,19.99,0
"1124",36,1,4,0,0,0,0,0,0,0
"1125",36,2,1,0,1,0,1,1,12.99,0
"1126",36,2,2,1,0,1,0,1,12.99,0
"1127",36,2,3,1,0,1,0,1,7.99,1
"1128",36,2,4,0,0,0,0,0,0,0
"1129",36,3,1,1,0,1,0,0,19.99,0
"1130",36,3,2,0,1,0,1,0,12.99,0
"1131",36,3,3,0,1,1,0,0,7.99,1
"1132",36,3,4,0,0,0,0,0,0,0
"1133",36,4,1,0,1,1,0,0,12.99,0
"1134",36,4,2,0,1,0,1,1,7.99,1
"1135",36,4,3,1,0,1,0,0,12.99,0
"1136",36,4,4,0,0,0,0,0,0,0
"1137",36,5,1,1,0,0,1,1,19.99,0
"1138",36,5,2,1,0,0,1,0,19.99,0
"1139",36,5,3,1,0,0,1,0,7.99,1
"1140",36,5,4,0,0,0,0,0,0,0
"1141",36,6,1,1,0,0,1,1,12.99,0
"1142",36,6,2,0,1,0,1,1,19.99,0
"1143",36,6,3,0,1,0,1,0,7.99,1
"1144",36,6,4,0,0,0,0,0,0,0
"1145",36,7,1,0,1,1,0,0,19.99,0
"1146",36,7,2,1,0,0,1,0,12.99,1
"1147",36,7,3,0,1,1,0,1,19.99,0
"1148",36,7,4,0,0,0,0,0,0,0
"1149",36,8,1,1,0,1,0,0,7.99,0
"1150",36,8,2,0,1,1,0,1,7.99,1
"1151",36,8,3,0,1,1,0,1,12.99,0
"1152",36,8,4,0,0,0,0,0,0,0
"1153",37,1,1,0,1,1,0,1,12.99,1
"1154",37,1,2,1,0,0,1,0,7.99,0
"1155",37,1,3,1,0,0,1,0,12.99,0
"1156",37,1,4,0,0,0,0,0,0,0
"1157",37,2,1,0,1,0,1,0,19.99,0
"1158",37,2,2,0,1,0,1,0,7.99,0
"1159",37,2,3,0,1,1,0,0,19.99,1
"1160",37,2,4,0,0,0,0,0,0,0
"1161",37,3,1,1,0,0,1,1,7.99,0
"1162",37,3,2,1,0,1,0,0,12.99,1
"1163",37,3,3,1,0,1,0,0,19.99,0
"1164",37,3,4,0,0,0,0,0,0,0
"1165",37,4,1,1,0,1,0,1,12.99,1
"1166",37,4,2,1,0,0,1,1,19.99,0
"1167",37,4,3,0,1,0,1,1,19.99,0
"1168",37,4,4,0,0,0,0,0,0,0
"1169",37,5,1,0,1,1,0,1,7.99,0
"1170",37,5,2,1,0,1,0,0,7.99,1
"1171",37,5,3,0,1,0,1,1,12.99,0
"1172",37,5,4,0,0,0,0,0,0,0
"1173",37,6,1,1,0,1,0,1,19.99,0
"1174",37,6,2,0,1,0,1,0,12.99,0
"1175",37,6,3,1,0,1,0,1,7.99,1
"1176",37,6,4,0,0,0,0,0,0,0
"1177",37,7,1,0,1,1,0,1,19.99,1
"1178",37,7,2,0,1,0,1,1,7.99,0
"1179",37,7,3,1,0,0,1,0,19.99,0
"1180",37,7,4,0,0,0,0,0,0,0
"1181",37,8,1,0,1,1,0,0,12.99,0
"1182",37,8,2,1,0,0,1,1,12.99,0
"1183",37,8,3,0,1,1,0,0,7.99,1
"1184",37,8,4,0,0,0,0,0,0,0
"1185",38,1,1,0,1,1,0,1,19.99,1
"1186",38,1,2,1,0,1,0,0,12.99,0
"1187",38,1,3,1,0,0,1,1,19.99,0
"1188",38,1,4,0,0,0,0,0,0,0
"1189",38,2,1,1,0,1,0,1,7.99,1
"1190",38,2,2,0,1,1,0,0,12.99,0
"1191",38,2,3,1,0,1,0,0,19.99,0
"1192",38,2,4,0,0,0,0,0,0,0
"1193",38,3,1,0,1,0,1,1,12.99,0
"1194",38,3,2,0,1,0,1,0,7.99,1
"1195",38,3,3,0,1,0,1,1,7.99,0
"1196",38,3,4,0,0,0,0,0,0,0
"1197",38,4,1,1,0,0,1,1,12.99,1
"1198",38,4,2,0,1,1,0,1,7.99,0
"1199",38,4,3,0,1,0,1,1,19.99,0
"1200",38,4,4,0,0,0,0,0,0,0
"1201",38,5,1,1,0,0,1,0,7.99,1
"1202",38,5,2,0,1,1,0,1,12.99,0
"1203",38,5,3,1,0,0,1,0,19.99,0
"1204",38,5,4,0,0,0,0,0,0,0
"1205",38,6,1,1,0,1,0,0,7.99,0
"1206",38,6,2,1,0,1,0,1,19.99,1
"1207",38,6,3,1,0,1,0,1,12.99,0
"1208",38,6,4,0,0,0,0,0,0,0
"1209",38,7,1,0,1,0,1,0,19.99,1
"1210",38,7,2,1,0,0,1,1,7.99,0
"1211",38,7,3,0,1,0,1,0,12.99,0
"1212",38,7,4,0,0,0,0,0,0,0
"1213",38,8,1,0,1,1,0,0,19.99,1
"1214",38,8,2,0,1,1,0,0,7.99,0
"1215",38,8,3,1,0,0,1,0,12.99,0
"1216",38,8,4,0,0,0,0,0,0,0
"1217",39,1,1,1,0,1,0,1,19.99,0
"1218",39,1,2,0,1,0,1,1,12.99,0
"1219",39,1,3,0,1,0,1,0,19.99,1
"1220",39,1,4,0,0,0,0,0,0,0
"1221",39,2,1,1,0,0,1,1,7.99,0
"1222",39,2,2,0,1,1,0,0,12.99,1
"1223",39,2,3,1,0,1,0,0,19.99,0
"1224",39,2,4,0,0,0,0,0,0,0
"1225",39,3,1,1,0,0,1,0,7.99,0
"1226",39,3,2,1,0,1,0,0,7.99,0
"1227",39,3,3,0,1,0,1,0,12.99,1
"1228",39,3,4,0,0,0,0,0,0,0
"1229",39,4,1,0,1,1,0,0,19.99,0
"1230",39,4,2,0,1,1,0,0,7.99,0
"1231",39,4,3,0,1,1,0,1,19.99,1
"1232",39,4,4,0,0,0,0,0,0,0
"1233",39,5,1,1,0,1,0,0,12.99,0
"1234",39,5,2,0,1,1,0,1,12.99,1
"1235",39,5,3,1,0,0,1,1,19.99,0
"1236",39,5,4,0,0,0,0,0,0,0
"1237",39,6,1,1,0,0,1,1,12.99,0
"1238",39,6,2,0,1,0,1,0,7.99,1
"1239",39,6,3,0,1,1,0,1,7.99,0
"1240",39,6,4,0,0,0,0,0,0,0
"1241",39,7,1,1,0,1,0,1,12.99,0
"1242",39,7,2,0,1,0,1,1,19.99,1
"1243",39,7,3,1,0,0,1,0,19.99,0
"1244",39,7,4,0,0,0,0,0,0,0
"1245",39,8,1,1,0,1,0,1,7.99,0
"1246",39,8,2,1,0,0,1,0,12.99,0
"1247",39,8,3,0,1,0,1,1,7.99,1
"1248",39,8,4,0,0,0,0,0,0,0
"1249",40,1,1,1,0,1,0,0,12.99,0
"1250",40,1,2,1,0,0,1,1,19.99,0
"1251",40,1,3,1,0,1,0,0,7.99,1
"1252",40,1,4,0,0,0,0,0,0,0
"1253",40,2,1,1,0,1,0,1,19.99,0
"1254",40,2,2,1,0,0,1,1,7.99,1
"1255",40,2,3,1,0,1,0,1,12.99,0
"1256",40,2,4,0,0,0,0,0,0,0
"1257",40,3,1,1,0,0,1,0,7.99,0
"1258",40,3,2,0,1,0,1,0,19.99,1
"1259",40,3,3,1,0,0,1,1,12.99,0
"1260",40,3,4,0,0,0,0,0,0,0
"1261",40,4,1,1,0,1,0,1,7.99,0
"1262",40,4,2,0,1,0,1,1,19.99,1
"1263",40,4,3,0,1,0,1,0,7.99,0
"1264",40,4,4,0,0,0,0,0,0,0
"1265",40,5,1,0,1,0,1,0,12.99,1
"1266",40,5,2,0,1,0,1,1,12.99,0
"1267",40,5,3,0,1,1,0,1,7.99,0
"1268",40,5,4,0,0,0,0,0,0,0
"1269",40,6,1,0,1,1,0,1,19.99,0
"1270",40,6,2,1,0,1,0,0,19.99,1
"1271",40,6,3,0,1,1,0,0,7.99,0
"1272",40,6,4,0,0,0,0,0,0,0
"1273",40,7,1,0,1,1,0,0,19.99,1
"1274",40,7,2,1,0,0,1,0,12.99,0
"1275",40,7,3,0,1,1,0,1,12.99,0
"1276",40,7,4,0,0,0,0,0,0,0
"1277",40,8,1,0,1,1,0,0,12.99,1
"1278",40,8,2,1,0,0,1,0,19.99,0
"1279",40,8,3,0,1,0,1,1,7.99,0
"1280",40,8,4,0,0,0,0,0,0,0
"1281",41,1,1,0,1,0,1,1,12.99,1
"1282",41,1,2,0,1,0,1,1,19.99,0
"1283",41,1,3,0,1,0,1,1,7.99,0
"1284",41,1,4,0,0,0,0,0,0,0
"1285",41,2,1,1,0,1,0,0,12.99,1
"1286",41,2,2,1,0,1,0,0,19.99,0
"1287",41,2,3,0,1,1,0,0,7.99,0
"1288",41,2,4,0,0,0,0,0,0,0
"1289",41,3,1,1,0,1,0,1,19.99,1
"1290",41,3,2,0,1,0,1,0,7.99,0
"1291",41,3,3,1,0,0,1,1,12.99,0
"1292",41,3,4,0,0,0,0,0,0,0
"1293",41,4,1,0,1,0,1,0,12.99,0
"1294",41,4,2,1,0,1,0,0,7.99,1
"1295",41,4,3,1,0,0,1,1,7.99,0
"1296",41,4,4,0,0,0,0,0,0,0
"1297",41,5,1,1,0,0,1,0,12.99,0
"1298",41,5,2,1,0,0,1,0,19.99,0
"1299",41,5,3,0,1,1,0,0,19.99,1
"1300",41,5,4,0,0,0,0,0,0,0
"1301",41,6,1,1,0,0,1,0,7.99,0
"1302",41,6,2,1,0,0,1,1,19.99,1
"1303",41,6,3,0,1,1,0,1,7.99,0
"1304",41,6,4,0,0,0,0,0,0,0
"1305",41,7,1,0,1,1,0,1,12.99,1
"1306",41,7,2,0,1,1,0,0,12.99,0
"1307",41,7,3,0,1,0,1,0,19.99,0
"1308",41,7,4,0,0,0,0,0,0,0
"1309",41,8,1,1,0,1,0,1,7.99,0
"1310",41,8,2,1,0,1,0,1,12.99,0
"1311",41,8,3,0,1,1,0,1,19.99,1
"1312",41,8,4,0,0,0,0,0,0,0
"1313",42,1,1,0,1,1,0,1,12.99,0
"1314",42,1,2,0,1,1,0,1,19.99,0
"1315",42,1,3,0,1,1,0,0,7.99,1
"1316",42,1,4,0,0,0,0,0,0,0
"1317",42,2,1,0,1,0,1,0,12.99,0
"1318",42,2,2,1,0,0,1,1,7.99,1
"1319",42,2,3,0,1,0,1,0,19.99,0
"1320",42,2,4,0,0,0,0,0,0,0
"1321",42,3,1,1,0,1,0,1,7.99,0
"1322",42,3,2,1,0,1,0,1,12.99,0
"1323",42,3,3,1,0,0,1,0,19.99,0
"1324",42,3,4,0,0,0,0,0,0,1
"1325",42,4,1,0,1,0,1,1,7.99,0
"1326",42,4,2,1,0,1,0,1,19.99,0
"1327",42,4,3,1,0,1,0,0,12.99,0
"1328",42,4,4,0,0,0,0,0,0,1
"1329",42,5,1,0,1,1,0,1,7.99,1
"1330",42,5,2,0,1,0,1,1,12.99,0
"1331",42,5,3,1,0,0,1,0,7.99,0
"1332",42,5,4,0,0,0,0,0,0,0
"1333",42,6,1,1,0,0,1,1,12.99,1
"1334",42,6,2,1,0,0,1,0,12.99,0
"1335",42,6,3,1,0,0,1,1,19.99,0
"1336",42,6,4,0,0,0,0,0,0,0
"1337",42,7,1,0,1,0,1,1,19.99,1
"1338",42,7,2,0,1,1,0,0,19.99,0
"1339",42,7,3,1,0,1,0,0,19.99,0
"1340",42,7,4,0,0,0,0,0,0,0
"1341",42,8,1,0,1,0,1,0,7.99,1
"1342",42,8,2,0,1,1,0,0,12.99,0
"1343",42,8,3,1,0,1,0,0,7.99,0
"1344",42,8,4,0,0,0,0,0,0,0
"1345",43,1,1,0,1,1,0,0,12.99,0
"1346",43,1,2,1,0,1,0,1,7.99,0
"1347",43,1,3,1,0,0,1,1,19.99,1
"1348",43,1,4,0,0,0,0,0,0,0
"1349",43,2,1,1,0,0,1,0,12.99,0
"1350",43,2,2,1,0,0,1,1,7.99,0
"1351",43,2,3,0,1,1,0,1,7.99,1
"1352",43,2,4,0,0,0,0,0,0,0
"1353",43,3,1,1,0,1,0,1,19.99,0
"1354",43,3,2,1,0,0,1,1,12.99,1
"1355",43,3,3,0,1,1,0,1,19.99,0
"1356",43,3,4,0,0,0,0,0,0,0
"1357",43,4,1,1,0,0,1,0,7.99,0
"1358",43,4,2,1,0,0,1,0,19.99,0
"1359",43,4,3,0,1,0,1,1,7.99,1
"1360",43,4,4,0,0,0,0,0,0,0
"1361",43,5,1,1,0,1,0,0,19.99,0
"1362",43,5,2,0,1,0,1,0,19.99,0
"1363",43,5,3,0,1,1,0,1,12.99,1
"1364",43,5,4,0,0,0,0,0,0,0
"1365",43,6,1,0,1,0,1,0,7.99,0
"1366",43,6,2,1,0,1,0,0,12.99,0
"1367",43,6,3,0,1,0,1,1,12.99,1
"1368",43,6,4,0,0,0,0,0,0,0
"1369",43,7,1,0,1,1,0,0,7.99,0
"1370",43,7,2,1,0,1,0,1,12.99,1
"1371",43,7,3,0,1,1,0,0,19.99,0
"1372",43,7,4,0,0,0,0,0,0,0
"1373",43,8,1,1,0,1,0,0,7.99,0
"1374",43,8,2,0,1,0,1,1,19.99,1
"1375",43,8,3,0,1,0,1,0,12.99,0
"1376",43,8,4,0,0,0,0,0,0,0
"1377",44,1,1,1,0,1,0,1,19.99,0
"1378",44,1,2,1,0,1,0,1,7.99,0
"1379",44,1,3,0,1,0,1,1,7.99,0
"1380",44,1,4,0,0,0,0,0,0,1
"1381",44,2,1,0,1,0,1,0,12.99,0
"1382",44,2,2,1,0,0,1,0,12.99,0
"1383",44,2,3,1,0,1,0,1,12.99,0
"1384",44,2,4,0,0,0,0,0,0,1
"1385",44,3,1,0,1,0,1,0,7.99,0
"1386",44,3,2,1,0,1,0,0,7.99,0
"1387",44,3,3,0,1,1,0,1,19.99,0
"1388",44,3,4,0,0,0,0,0,0,1
"1389",44,4,1,1,0,1,0,0,12.99,0
"1390",44,4,2,1,0,0,1,1,12.99,0
"1391",44,4,3,0,1,1,0,1,7.99,0
"1392",44,4,4,0,0,0,0,0,0,1
"1393",44,5,1,1,0,1,0,0,19.99,0
"1394",44,5,2,0,1,1,0,0,19.99,0
"1395",44,5,3,1,0,0,1,1,19.99,0
"1396",44,5,4,0,0,0,0,0,0,1
"1397",44,6,1,0,1,1,0,1,12.99,0
"1398",44,6,2,0,1,1,0,0,7.99,0
"1399",44,6,3,0,1,1,0,0,12.99,0
"1400",44,6,4,0,0,0,0,0,0,1
"1401",44,7,1,1,0,0,1,0,7.99,0
"1402",44,7,2,1,0,0,1,0,19.99,0
"1403",44,7,3,0,1,0,1,1,19.99,0
"1404",44,7,4,0,0,0,0,0,0,1
"1405",44,8,1,0,1,0,1,1,12.99,0
"1406",44,8,2,0,1,0,1,0,19.99,0
"1407",44,8,3,1,0,0,1,1,7.99,0
"1408",44,8,4,0,0,0,0,0,0,1
"1409",45,1,1,0,1,0,1,0,12.99,0
"1410",45,1,2,1,0,1,0,0,7.99,1
"1411",45,1,3,0,1,1,0,0,12.99,0
"1412",45,1,4,0,0,0,0,0,0,0
"1413",45,2,1,1,0,1,0,1,19.99,0
"1414",45,2,2,0,1,1,0,1,19.99,0
"1415",45,2,3,1,0,0,1,1,19.99,0
"1416",45,2,4,0,0,0,0,0,0,1
"1417",45,3,1,1,0,0,1,1,7.99,1
"1418",45,3,2,0,1,0,1,0,7.99,0
"1419",45,3,3,1,0,1,0,1,12.99,0
"1420",45,3,4,0,0,0,0,0,0,0
"1421",45,4,1,1,0,0,1,0,19.99,0
"1422",45,4,2,0,1,1,0,1,12.99,0
"1423",45,4,3,0,1,0,1,1,7.99,1
"1424",45,4,4,0,0,0,0,0,0,0
"1425",45,5,1,0,1,0,1,1,12.99,0
"1426",45,5,2,0,1,0,1,0,19.99,0
"1427",45,5,3,0,1,1,0,1,7.99,1
"1428",45,5,4,0,0,0,0,0,0,0
"1429",45,6,1,0,1,0,1,1,19.99,0
"1430",45,6,2,1,0,0,1,0,7.99,1
"1431",45,6,3,1,0,0,1,1,12.99,0
"1432",45,6,4,0,0,0,0,0,0,0
"1433",45,7,1,0,1,1,0,0,19.99,0
"1434",45,7,2,1,0,1,0,0,12.99,0
"1435",45,7,3,1,0,1,0,1,7.99,1
"1436",45,7,4,0,0,0,0,0,0,0
"1437",45,8,1,1,0,0,1,0,12.99,0
"1438",45,8,2,0,1,1,0,0,7.99,1
"1439",45,8,3,1,0,1,0,0,19.99,0
"1440",45,8,4,0,0,0,0,0,0,0
"1441",46,1,1,0,1,0,1,0,12.99,0
"1442",46,1,2,1,0,1,0,1,7.99,0
"1443",46,1,3,0,1,0,1,1,12.99,0
"1444",46,1,4,0,0,0,0,0,0,1
"1445",46,2,1,1,0,0,1,1,7.99,0
"1446",46,2,2,0,1,1,0,0,19.99,0
"1447",46,2,3,1,0,1,0,0,19.99,0
"1448",46,2,4,0,0,0,0,0,0,1
"1449",46,3,1,1,0,0,1,0,7.99,0
"1450",46,3,2,1,0,0,1,1,12.99,0
"1451",46,3,3,0,1,1,0,1,7.99,0
"1452",46,3,4,0,0,0,0,0,0,1
"1453",46,4,1,1,0,0,1,0,19.99,0
"1454",46,4,2,1,0,1,0,1,12.99,0
"1455",46,4,3,1,0,0,1,0,12.99,0
"1456",46,4,4,0,0,0,0,0,0,1
"1457",46,5,1,0,1,1,0,0,7.99,0
"1458",46,5,2,0,1,0,1,1,19.99,0
"1459",46,5,3,0,1,0,1,0,19.99,0
"1460",46,5,4,0,0,0,0,0,0,1
"1461",46,6,1,0,1,0,1,0,7.99,0
"1462",46,6,2,0,1,1,0,1,19.99,0
"1463",46,6,3,0,1,0,1,1,7.99,0
"1464",46,6,4,0,0,0,0,0,0,1
"1465",46,7,1,0,1,1,0,1,12.99,0
"1466",46,7,2,1,0,0,1,1,19.99,0
"1467",46,7,3,0,1,1,0,0,12.99,0
"1468",46,7,4,0,0,0,0,0,0,1
"1469",46,8,1,1,0,1,0,0,7.99,0
"1470",46,8,2,1,0,1,0,0,12.99,0
"1471",46,8,3,1,0,1,0,1,19.99,0
"1472",46,8,4,0,0,0,0,0,0,1
"1473",47,1,1,0,1,1,0,0,19.99,0
"1474",47,1,2,0,1,1,0,0,12.99,0
"1475",47,1,3,1,0,1,0,0,19.99,1
"1476",47,1,4,0,0,0,0,0,0,0
"1477",47,2,1,0,1,0,1,0,7.99,0
"1478",47,2,2,1,0,1,0,1,7.99,1
"1479",47,2,3,1,0,0,1,0,19.99,0
"1480",47,2,4,0,0,0,0,0,0,0
"1481",47,3,1,1,0,0,1,1,12.99,0
"1482",47,3,2,1,0,1,0,0,12.99,1
"1483",47,3,3,0,1,1,0,1,7.99,0
"1484",47,3,4,0,0,0,0,0,0,0
"1485",47,4,1,1,0,0,1,1,19.99,0
"1486",47,4,2,0,1,0,1,1,12.99,1
"1487",47,4,3,1,0,0,1,1,7.99,0
"1488",47,4,4,0,0,0,0,0,0,0
"1489",47,5,1,0,1,0,1,1,19.99,0
"1490",47,5,2,1,0,0,1,0,12.99,1
"1491",47,5,3,1,0,1,0,1,19.99,0
"1492",47,5,4,0,0,0,0,0,0,0
"1493",47,6,1,1,0,0,1,0,7.99,0
"1494",47,6,2,0,1,0,1,0,12.99,1
"1495",47,6,3,0,1,1,0,1,12.99,0
"1496",47,6,4,0,0,0,0,0,0,0
"1497",47,7,1,0,1,0,1,1,7.99,0
"1498",47,7,2,1,0,1,0,0,7.99,1
"1499",47,7,3,0,1,0,1,0,19.99,0
"1500",47,7,4,0,0,0,0,0,0,0
"1501",47,8,1,1,0,1,0,1,12.99,0
"1502",47,8,2,0,1,1,0,0,7.99,1
"1503",47,8,3,0,1,1,0,1,19.99,0
"1504",47,8,4,0,0,0,0,0,0,0
"1505",48,1,1,1,0,1,0,0,12.99,0
"1506",48,1,2,0,1,0,1,1,7.99,1
"1507",48,1,3,1,0,0,1,0,12.99,0
"1508",48,1,4,0,0,0,0,0,0,0
"1509",48,2,1,1,0,0,1,0,7.99,1
"1510",48,2,2,1,0,0,1,1,19.99,0
"1511",48,2,3,1,0,1,0,0,19.99,0
"1512",48,2,4,0,0,0,0,0,0,0
"1513",48,3,1,1,0,0,1,1,7.99,1
"1514",48,3,2,1,0,1,0,1,12.99,0
"1515",48,3,3,0,1,1,0,0,12.99,0
"1516",48,3,4,0,0,0,0,0,0,0
"1517",48,4,1,0,1,1,0,0,7.99,1
"1518",48,4,2,0,1,0,1,1,19.99,0
"1519",48,4,3,1,0,0,1,1,12.99,0
"1520",48,4,4,0,0,0,0,0,0,0
"1521",48,5,1,1,0,1,0,1,19.99,0
"1522",48,5,2,0,1,1,0,0,19.99,0
"1523",48,5,3,0,1,1,0,1,12.99,0
"1524",48,5,4,0,0,0,0,0,0,1
"1525",48,6,1,0,1,1,0,1,19.99,0
"1526",48,6,2,1,0,1,0,0,7.99,1
"1527",48,6,3,0,1,0,1,0,7.99,0
"1528",48,6,4,0,0,0,0,0,0,0
"1529",48,7,1,1,0,1,0,1,7.99,1
"1530",48,7,2,0,1,0,1,0,19.99,0
"1531",48,7,3,0,1,0,1,1,12.99,0
"1532",48,7,4,0,0,0,0,0,0,0
"1533",48,8,1,0,1,1,0,1,7.99,1
"1534",48,8,2,0,1,0,1,0,12.99,0
"1535",48,8,3,1,0,0,1,0,19.99,0
"1536",48,8,4,0,0,0,0,0,0,0
"1537",49,1,1,0,1,1,0,1,12.99,0
"1538",49,1,2,0,1,1,0,0,19.99,0
"1539",49,1,3,1,0,1,0,1,7.99,0
"1540",49,1,4,0,0,0,0,0,0,1
"1541",49,2,1,0,1,0,1,1,12.99,0
"1542",49,2,2,0,1,0,1,0,7.99,0
"1543",49,2,3,0,1,0,1,1,19.99,0
"1544",49,2,4,0,0,0,0,0,0,1
"1545",49,3,1,1,0,0,1,0,12.99,0
"1546",49,3,2,1,0,1,0,0,19.99,0
"1547",49,3,3,0,1,1,0,0,7.99,0
"1548",49,3,4,0,0,0,0,0,0,1
"1549",49,4,1,1,0,0,1,0,19.99,0
"1550",49,4,2,0,1,0,1,1,7.99,0
"1551",49,4,3,1,0,0,1,1,12.99,0
"1552",49,4,4,0,0,0,0,0,0,1
"1553",49,5,1,0,1,0,1,0,19.99,0
"1554",49,5,2,1,0,1,0,1,12.99,0
"1555",49,5,3,1,0,1,0,0,12.99,0
"1556",49,5,4,0,0,0,0,0,0,1
"1557",49,6,1,1,0,0,1,1,7.99,0
"1558",49,6,2,0,1,1,0,1,19.99,0
"1559",49,6,3,0,1,0,1,0,12.99,0
"1560",49,6,4,0,0,0,0,0,0,1
"1561",49,7,1,1,0,0,1,1,19.99,0
"1562",49,7,2,1,0,1,0,1,19.99,0
"1563",49,7,3,1,0,1,0,0,7.99,0
"1564",49,7,4,0,0,0,0,0,0,1
"1565",49,8,1,1,0,0,1,0,7.99,0
"1566",49,8,2,0,1,1,0,0,12.99,0
"1567",49,8,3,0,1,1,0,1,7.99,0
"1568",49,8,4,0,0,0,0,0,0,1
"1569",50,1,1,1,0,1,0,1,12.99,0
"1570",50,1,2,1,0,0,1,0,19.99,0
"1571",50,1,3,0,1,0,1,0,12.99,0
"1572",50,1,4,0,0,0,0,0,0,1
"1573",50,2,1,0,1,1,0,1,7.99,0
"1574",50,2,2,1,0,0,1,1,19.99,0
"1575",50,2,3,0,1,0,1,1,12.99,0
"1576",50,2,4,0,0,0,0,0,0,1
"1577",50,3,1,1,0,1,0,1,19.99,0
"1578",50,3,2,0,1,0,1,1,7.99,0
"1579",50,3,3,1,0,0,1,0,7.99,0
"1580",50,3,4,0,0,0,0,0,0,1
"1581",50,4,1,0,1,1,0,1,19.99,0
"1582",50,4,2,1,0,0,1,0,12.99,0
"1583",50,4,3,0,1,1,0,0,7.99,0
"1584",50,4,4,0,0,0,0,0,0,1
"1585",50,5,1,1,0,0,1,1,7.99,0
"1586",50,5,2,0,1,0,1,1,19.99,0
"1587",50,5,3,0,1,1,0,1,12.99,0
"1588",50,5,4,0,0,0,0,0,0,1
"1589",50,6,1,1,0,1,0,0,7.99,0
"1590",50,6,2,0,1,1,0,0,19.99,0
"1591",50,6,3,0,1,1,0,0,12.99,0
"1592",50,6,4,0,0,0,0,0,0,1
"1593",50,7,1,1,0,0,1,1,12.99,0
"1594",50,7,2,1,0,1,0,1,7.99,0
"1595",50,7,3,0,1,0,1,0,19.99,0
"1596",50,7,4,0,0,0,0,0,0,1
"1597",50,8,1,1,0,1,0,0,12.99,0
"1598",50,8,2,0,1,0,1,0,7.99,0
"1599",50,8,3,1,0,1,0,0,19.99,0
"1600",50,8,4,0,0,0,0,0,0,1
"1601",51,1,1,0,1,1,0,1,19.99,1
"1602",51,1,2,0,1,0,1,1,7.99,0
"1603",51,1,3,0,1,0,1,1,12.99,0
"1604",51,1,4,0,0,0,0,0,0,0
"1605",51,2,1,1,0,1,0,1,7.99,1
"1606",51,2,2,1,0,1,0,0,19.99,0
"1607",51,2,3,1,0,1,0,1,12.99,0
"1608",51,2,4,0,0,0,0,0,0,0
"1609",51,3,1,1,0,0,1,0,7.99,0
"1610",51,3,2,1,0,1,0,1,19.99,1
"1611",51,3,3,1,0,1,0,0,12.99,0
"1612",51,3,4,0,0,0,0,0,0,0
"1613",51,4,1,1,0,0,1,0,19.99,0
"1614",51,4,2,1,0,0,1,1,12.99,0
"1615",51,4,3,0,1,1,0,1,7.99,1
"1616",51,4,4,0,0,0,0,0,0,0
"1617",51,5,1,0,1,0,1,1,19.99,0
"1618",51,5,2,0,1,1,0,0,7.99,1
"1619",51,5,3,0,1,0,1,0,19.99,0
"1620",51,5,4,0,0,0,0,0,0,0
"1621",51,6,1,0,1,0,1,0,7.99,0
"1622",51,6,2,1,0,0,1,1,19.99,1
"1623",51,6,3,1,0,0,1,1,7.99,0
"1624",51,6,4,0,0,0,0,0,0,0
"1625",51,7,1,0,1,0,1,0,12.99,0
"1626",51,7,2,1,0,1,0,0,7.99,0
"1627",51,7,3,0,1,1,0,0,19.99,1
"1628",51,7,4,0,0,0,0,0,0,0
"1629",51,8,1,0,1,1,0,0,12.99,0
"1630",51,8,2,0,1,1,0,1,12.99,1
"1631",51,8,3,1,0,0,1,0,12.99,0
"1632",51,8,4,0,0,0,0,0,0,0
"1633",52,1,1,1,0,0,1,1,12.99,1
"1634",52,1,2,0,1,0,1,0,7.99,0
"1635",52,1,3,0,1,1,0,1,19.99,0
"1636",52,1,4,0,0,0,0,0,0,0
"1637",52,2,1,1,0,1,0,1,12.99,1
"1638",52,2,2,1,0,0,1,0,19.99,0
"1639",52,2,3,0,1,0,1,0,12.99,0
"1640",52,2,4,0,0,0,0,0,0,0
"1641",52,3,1,1,0,1,0,1,7.99,1
"1642",52,3,2,1,0,0,1,0,7.99,0
"1643",52,3,3,1,0,1,0,0,12.99,0
"1644",52,3,4,0,0,0,0,0,0,0
"1645",52,4,1,0,1,0,1,1,7.99,1
"1646",52,4,2,0,1,1,0,0,12.99,0
"1647",52,4,3,0,1,0,1,1,19.99,0
"1648",52,4,4,0,0,0,0,0,0,0
"1649",52,5,1,1,0,0,1,1,7.99,0
"1650",52,5,2,0,1,1,0,0,19.99,0
"1651",52,5,3,1,0,1,0,0,7.99,1
"1652",52,5,4,0,0,0,0,0,0,0
"1653",52,6,1,0,1,1,0,1,12.99,0
"1654",52,6,2,0,1,1,0,1,7.99,1
"1655",52,6,3,0,1,0,1,0,19.99,0
"1656",52,6,4,0,0,0,0,0,0,0
"1657",52,7,1,1,0,0,1,0,12.99,0
"1658",52,7,2,0,1,0,1,1,12.99,0
"1659",52,7,3,0,1,1,0,0,7.99,1
"1660",52,7,4,0,0,0,0,0,0,0
"1661",52,8,1,1,0,0,1,1,19.99,0
"1662",52,8,2,1,0,1,0,0,19.99,0
"1663",52,8,3,1,0,1,0,1,19.99,1
"1664",52,8,4,0,0,0,0,0,0,0
"1665",53,1,1,1,0,0,1,1,12.99,0
"1666",53,1,2,0,1,1,0,0,19.99,0
"1667",53,1,3,1,0,1,0,1,7.99,1
"1668",53,1,4,0,0,0,0,0,0,0
"1669",53,2,1,0,1,0,1,1,19.99,0
"1670",53,2,2,1,0,0,1,0,12.99,1
"1671",53,2,3,0,1,1,0,1,19.99,0
"1672",53,2,4,0,0,0,0,0,0,0
"1673",53,3,1,0,1,1,0,0,12.99,1
"1674",53,3,2,1,0,0,1,1,7.99,0
"1675",53,3,3,0,1,1,0,0,7.99,0
"1676",53,3,4,0,0,0,0,0,0,0
"1677",53,4,1,0,1,1,0,1,12.99,0
"1678",53,4,2,1,0,1,0,0,7.99,1
"1679",53,4,3,0,1,0,1,0,19.99,0
"1680",53,4,4,0,0,0,0,0,0,0
"1681",53,5,1,0,1,1,0,1,7.99,0
"1682",53,5,2,1,0,1,0,1,19.99,1
"1683",53,5,3,1,0,1,0,0,19.99,0
"1684",53,5,4,0,0,0,0,0,0,0
"1685",53,6,1,0,1,0,1,0,12.99,0
"1686",53,6,2,1,0,0,1,0,7.99,0
"1687",53,6,3,1,0,1,0,1,12.99,1
"1688",53,6,4,0,0,0,0,0,0,0
"1689",53,7,1,1,0,1,0,0,12.99,0
"1690",53,7,2,0,1,0,1,0,7.99,0
"1691",53,7,3,1,0,0,1,1,19.99,1
"1692",53,7,4,0,0,0,0,0,0,0
"1693",53,8,1,0,1,0,1,1,7.99,0
"1694",53,8,2,1,0,0,1,0,19.99,1
"1695",53,8,3,0,1,0,1,1,12.99,0
"1696",53,8,4,0,0,0,0,0,0,0
"1697",54,1,1,1,0,0,1,1,19.99,0
"1698",54,1,2,0,1,1,0,0,12.99,1
"1699",54,1,3,1,0,1,0,0,19.99,0
"1700",54,1,4,0,0,0,0,0,0,0
"1701",54,2,1,0,1,1,0,0,7.99,1
"1702",54,2,2,1,0,1,0,0,12.99,0
"1703",54,2,3,1,0,0,1,0,7.99,0
"1704",54,2,4,0,0,0,0,0,0,0
"1705",54,3,1,1,0,1,0,1,12.99,0
"1706",54,3,2,0,1,1,0,1,7.99,1
"1707",54,3,3,0,1,0,1,1,12.99,0
"1708",54,3,4,0,0,0,0,0,0,0
"1709",54,4,1,0,1,1,0,0,19.99,0
"1710",54,4,2,1,0,0,1,0,19.99,0
"1711",54,4,3,1,0,0,1,0,12.99,1
"1712",54,4,4,0,0,0,0,0,0,0
"1713",54,5,1,0,1,0,1,1,19.99,0
"1714",54,5,2,1,0,0,1,1,12.99,0
"1715",54,5,3,0,1,0,1,1,7.99,1
"1716",54,5,4,0,0,0,0,0,0,0
"1717",54,6,1,1,0,1,0,1,7.99,0
"1718",54,6,2,0,1,0,1,0,19.99,0
"1719",54,6,3,0,1,0,1,0,7.99,1
"1720",54,6,4,0,0,0,0,0,0,0
"1721",54,7,1,0,1,0,1,0,12.99,0
"1722",54,7,2,1,0,1,0,1,19.99,0
"1723",54,7,3,1,0,1,0,0,7.99,1
"1724",54,7,4,0,0,0,0,0,0,0
"1725",54,8,1,1,0,0,1,1,7.99,1
"1726",54,8,2,0,1,1,0,1,12.99,0
"1727",54,8,3,0,1,1,0,1,19.99,0
"1728",54,8,4,0,0,0,0,0,0,0
"1729",55,1,1,0,1,0,1,1,19.99,0
"1730",55,1,2,0,1,0,1,1,7.99,1
"1731",55,1,3,1,0,0,1,0,12.99,0
"1732",55,1,4,0,0,0,0,0,0,0
"1733",55,2,1,0,1,1,0,1,19.99,0
"1734",55,2,2,0,1,1,0,0,12.99,0
"1735",55,2,3,1,0,0,1,0,7.99,1
"1736",55,2,4,0,0,0,0,0,0,0
"1737",55,3,1,0,1,0,1,0,19.99,0
"1738",55,3,2,1,0,1,0,1,7.99,1
"1739",55,3,3,1,0,0,1,0,19.99,0
"1740",55,3,4,0,0,0,0,0,0,0
"1741",55,4,1,1,0,0,1,1,12.99,0
"1742",55,4,2,1,0,0,1,1,7.99,1
"1743",55,4,3,0,1,0,1,1,12.99,0
"1744",55,4,4,0,0,0,0,0,0,0
"1745",55,5,1,1,0,0,1,1,19.99,0
"1746",55,5,2,0,1,1,0,1,7.99,1
"1747",55,5,3,0,1,0,1,0,12.99,0
"1748",55,5,4,0,0,0,0,0,0,0
"1749",55,6,1,1,0,1,0,0,7.99,0
"1750",55,6,2,1,0,1,0,1,19.99,0
"1751",55,6,3,0,1,1,0,0,7.99,1
"1752",55,6,4,0,0,0,0,0,0,0
"1753",55,7,1,1,0,1,0,0,19.99,0
"1754",55,7,2,1,0,1,0,0,12.99,0
"1755",55,7,3,0,1,1,0,1,12.99,1
"1756",55,7,4,0,0,0,0,0,0,0
"1757",55,8,1,0,1,1,0,0,19.99,0
"1758",55,8,2,1,0,1,0,1,12.99,0
"1759",55,8,3,0,1,0,1,0,7.99,1
"1760",55,8,4,0,0,0,0,0,0,0
"1761",56,1,1,0,1,0,1,0,12.99,0
"1762",56,1,2,1,0,1,0,1,19.99,1
"1763",56,1,3,0,1,1,0,0,12.99,0
"1764",56,1,4,0,0,0,0,0,0,0
"1765",56,2,1,0,1,1,0,1,7.99,0
"1766",56,2,2,1,0,1,0,0,19.99,1
"1767",56,2,3,1,0,0,1,0,7.99,0
"1768",56,2,4,0,0,0,0,0,0,0
"1769",56,3,1,1,0,1,0,0,7.99,0
"1770",56,3,2,0,1,0,1,0,19.99,1
"1771",56,3,3,0,1,1,0,0,7.99,0
"1772",56,3,4,0,0,0,0,0,0,0
"1773",56,4,1,1,0,0,1,0,19.99,1
"1774",56,4,2,1,0,0,1,1,12.99,0
"1775",56,4,3,0,1,0,1,1,12.99,0
"1776",56,4,4,0,0,0,0,0,0,0
"1777",56,5,1,0,1,0,1,0,7.99,0
"1778",56,5,2,1,0,0,1,1,19.99,1
"1779",56,5,3,1,0,1,0,1,7.99,0
"1780",56,5,4,0,0,0,0,0,0,0
"1781",56,6,1,0,1,1,0,1,19.99,0
"1782",56,6,2,1,0,1,0,0,12.99,0
"1783",56,6,3,0,1,1,0,0,19.99,1
"1784",56,6,4,0,0,0,0,0,0,0
"1785",56,7,1,0,1,1,0,1,12.99,1
"1786",56,7,2,0,1,0,1,1,7.99,0
"1787",56,7,3,1,0,1,0,1,12.99,0
"1788",56,7,4,0,0,0,0,0,0,0
"1789",56,8,1,1,0,0,1,0,12.99,0
"1790",56,8,2,1,0,0,1,1,7.99,0
"1791",56,8,3,0,1,0,1,1,19.99,1
"1792",56,8,4,0,0,0,0,0,0,0
"1793",57,1,1,1,0,1,0,1,19.99,0
"1794",57,1,2,1,0,0,1,0,12.99,0
"1795",57,1,3,1,0,1,0,1,7.99,1
"1796",57,1,4,0,0,0,0,0,0,0
"1797",57,2,1,0,1,1,0,1,12.99,1
"1798",57,2,2,0,1,0,1,0,19.99,0
"1799",57,2,3,1,0,0,1,0,7.99,0
"1800",57,2,4,0,0,0,0,0,0,0
"1801",57,3,1,0,1,0,1,0,12.99,0
"1802",57,3,2,1,0,0,1,1,7.99,1
"1803",57,3,3,1,0,0,1,0,19.99,0
"1804",57,3,4,0,0,0,0,0,0,0
"1805",57,4,1,1,0,1,0,1,12.99,1
"1806",57,4,2,0,1,0,1,1,19.99,0
"1807",57,4,3,0,1,1,0,0,12.99,0
"1808",57,4,4,0,0,0,0,0,0,0
"1809",57,5,1,0,1,0,1,1,7.99,1
"1810",57,5,2,1,0,0,1,1,19.99,0
"1811",57,5,3,1,0,0,1,1,12.99,0
"1812",57,5,4,0,0,0,0,0,0,0
"1813",57,6,1,1,0,1,0,0,19.99,0
"1814",57,6,2,0,1,1,0,0,19.99,0
"1815",57,6,3,0,1,1,0,0,7.99,1
"1816",57,6,4,0,0,0,0,0,0,0
"1817",57,7,1,0,1,0,1,0,7.99,0
"1818",57,7,2,1,0,1,0,0,12.99,0
"1819",57,7,3,0,1,0,1,1,12.99,1
"1820",57,7,4,0,0,0,0,0,0,0
"1821",57,8,1,1,0,1,0,0,7.99,0
"1822",57,8,2,0,1,1,0,1,7.99,1
"1823",57,8,3,0,1,1,0,1,19.99,0
"1824",57,8,4,0,0,0,0,0,0,0
"1825",58,1,1,1,0,0,1,0,12.99,0
"1826",58,1,2,0,1,1,0,1,7.99,1
"1827",58,1,3,0,1,1,0,1,12.99,0
"1828",58,1,4,0,0,0,0,0,0,0
"1829",58,2,1,1,0,1,0,0,19.99,0
"1830",58,2,2,1,0,1,0,0,7.99,1
"1831",58,2,3,0,1,1,0,0,19.99,0
"1832",58,2,4,0,0,0,0,0,0,0
"1833",58,3,1,0,1,0,1,1,12.99,0
"1834",58,3,2,0,1,1,0,0,7.99,1
"1835",58,3,3,1,0,1,0,1,19.99,0
"1836",58,3,4,0,0,0,0,0,0,0
"1837",58,4,1,1,0,1,0,1,7.99,0
"1838",58,4,2,1,0,1,0,0,12.99,1
"1839",58,4,3,0,1,0,1,0,19.99,0
"1840",58,4,4,0,0,0,0,0,0,0
"1841",58,5,1,0,1,0,1,0,7.99,1
"1842",58,5,2,1,0,0,1,0,19.99,0
"1843",58,5,3,1,0,0,1,1,7.99,0
"1844",58,5,4,0,0,0,0,0,0,0
"1845",58,6,1,1,0,1,0,1,12.99,1
"1846",58,6,2,0,1,0,1,1,19.99,0
"1847",58,6,3,0,1,1,0,0,12.99,0
"1848",58,6,4,0,0,0,0,0,0,0
"1849",58,7,1,1,0,0,1,1,12.99,0
"1850",58,7,2,0,1,0,1,1,7.99,1
"1851",58,7,3,1,0,0,1,1,19.99,0
"1852",58,7,4,0,0,0,0,0,0,0
"1853",58,8,1,1,0,0,1,0,7.99,0
"1854",58,8,2,0,1,0,1,0,12.99,0
"1855",58,8,3,0,1,1,0,1,19.99,0
"1856",58,8,4,0,0,0,0,0,0,1
"1857",59,1,1,0,1,1,0,0,19.99,1
"1858",59,1,2,0,1,1,0,1,12.99,0
"1859",59,1,3,0,1,1,0,1,19.99,0
"1860",59,1,4,0,0,0,0,0,0,0
"1861",59,2,1,1,0,0,1,0,7.99,1
"1862",59,2,2,0,1,0,1,1,12.99,0
"1863",59,2,3,0,1,0,1,1,7.99,0
"1864",59,2,4,0,0,0,0,0,0,0
"1865",59,3,1,0,1,1,0,0,7.99,1
"1866",59,3,2,1,0,0,1,0,19.99,0
"1867",59,3,3,1,0,1,0,1,7.99,0
"1868",59,3,4,0,0,0,0,0,0,0
"1869",59,4,1,0,1,0,1,0,12.99,1
"1870",59,4,2,1,0,1,0,0,12.99,0
"1871",59,4,3,1,0,1,0,1,19.99,0
"1872",59,4,4,0,0,0,0,0,0,0
"1873",59,5,1,0,1,0,1,0,7.99,1
"1874",59,5,2,1,0,0,1,1,12.99,0
"1875",59,5,3,1,0,1,0,1,12.99,0
"1876",59,5,4,0,0,0,0,0,0,0
"1877",59,6,1,0,1,1,0,1,7.99,1
"1878",59,6,2,0,1,0,1,1,19.99,0
"1879",59,6,3,0,1,0,1,0,19.99,0
"1880",59,6,4,0,0,0,0,0,0,0
"1881",59,7,1,1,0,0,1,1,7.99,1
"1882",59,7,2,1,0,0,1,1,19.99,0
"1883",59,7,3,1,0,1,0,0,7.99,0
"1884",59,7,4,0,0,0,0,0,0,0
"1885",59,8,1,1,0,0,1,0,12.99,0
"1886",59,8,2,1,0,1,0,0,19.99,0
"1887",59,8,3,0,1,1,0,0,12.99,1
"1888",59,8,4,0,0,0,0,0,0,0
"1889",60,1,1,1,0,1,0,0,12.99,1
"1890",60,1,2,0,1,0,1,1,7.99,0
"1891",60,1,3,1,0,0,1,0,19.99,0
"1892",60,1,4,0,0,0,0,0,0,0
"1893",60,2,1,0,1,1,0,1,19.99,0
"1894",60,2,2,0,1,1,0,0,7.99,0
"1895",60,2,3,1,0,1,0,0,19.99,1
"1896",60,2,4,0,0,0,0,0,0,0
"1897",60,3,1,1,0,0,1,1,12.99,0
"1898",60,3,2,0,1,1,0,0,12.99,1
"1899",60,3,3,0,1,0,1,0,7.99,0
"1900",60,3,4,0,0,0,0,0,0,0
"1901",60,4,1,0,1,0,1,0,12.99,0
"1902",60,4,2,0,1,1,0,0,19.99,0
"1903",60,4,3,1,0,1,0,1,12.99,1
"1904",60,4,4,0,0,0,0,0,0,0
"1905",60,5,1,0,1,1,0,1,7.99,0
"1906",60,5,2,0,1,0,1,1,19.99,0
"1907",60,5,3,0,1,1,0,1,12.99,1
"1908",60,5,4,0,0,0,0,0,0,0
"1909",60,6,1,1,0,1,0,1,7.99,0
"1910",60,6,2,1,0,1,0,0,7.99,1
"1911",60,6,3,1,0,0,1,1,7.99,0
"1912",60,6,4,0,0,0,0,0,0,0
"1913",60,7,1,0,1,0,1,0,19.99,0
"1914",60,7,2,0,1,0,1,1,12.99,0
"1915",60,7,3,1,0,0,1,0,12.99,1
"1916",60,7,4,0,0,0,0,0,0,0
"1917",60,8,1,1,0,1,0,1,19.99,0
"1918",60,8,2,1,0,0,1,1,19.99,1
"1919",60,8,3,1,0,0,1,0,7.99,0
"1920",60,8,4,0,0,0,0,0,0,0
"1921",61,1,1,1,0,0,1,0,19.99,0
"1922",61,1,2,1,0,1,0,0,7.99,0
"1923",61,1,3,0,1,0,1,0,7.99,1
"1924",61,1,4,0,0,0,0,0,0,0
"1925",61,2,1,0,1,0,1,1,12.99,1
"1926",61,2,2,0,1,0,1,0,19.99,0
"1927",61,2,3,0,1,1,0,0,12.99,0
"1928",61,2,4,0,0,0,0,0,0,0
"1929",61,3,1,0,1,0,1,1,7.99,1
"1930",61,3,2,1,0,0,1,0,12.99,0
"1931",61,3,3,1,0,0,1,0,7.99,0
"1932",61,3,4,0,0,0,0,0,0,0
"1933",61,4,1,1,0,0,1,1,19.99,0
"1934",61,4,2,1,0,0,1,1,12.99,0
"1935",61,4,3,1,0,1,0,1,12.99,1
"1936",61,4,4,0,0,0,0,0,0,0
"1937",61,5,1,1,0,1,0,1,7.99,0
"1938",61,5,2,1,0,0,1,1,7.99,1
"1939",61,5,3,1,0,1,0,0,12.99,0
"1940",61,5,4,0,0,0,0,0,0,0
"1941",61,6,1,0,1,0,1,1,19.99,0
"1942",61,6,2,0,1,1,0,1,7.99,1
"1943",61,6,3,0,1,1,0,1,19.99,0
"1944",61,6,4,0,0,0,0,0,0,0
"1945",61,7,1,0,1,1,0,1,12.99,1
"1946",61,7,2,1,0,1,0,1,19.99,0
"1947",61,7,3,1,0,1,0,0,19.99,0
"1948",61,7,4,0,0,0,0,0,0,0
"1949",61,8,1,0,1,1,0,0,7.99,0
"1950",61,8,2,0,1,1,0,0,19.99,0
"1951",61,8,3,0,1,0,1,0,12.99,1
"1952",61,8,4,0,0,0,0,0,0,0
"1953",62,1,1,0,1,1,0,0,19.99,0
"1954",62,1,2,0,1,0,1,0,12.99,1
"1955",62,1,3,1,0,0,1,1,19.99,0
"1956",62,1,4,0,0,0,0,0,0,0
"1957",62,2,1,0,1,1,0,0,12.99,0
"1958",62,2,2,0,1,0,1,1,7.99,1
"1959",62,2,3,1,0,0,1,1,12.99,0
"1960",62,2,4,0,0,0,0,0,0,0
"1961",62,3,1,0,1,1,0,1,7.99,1
"1962",62,3,2,0,1,1,0,0,7.99,0
"1963",62,3,3,1,0,1,0,1,19.99,0
"1964",62,3,4,0,0,0,0,0,0,0
"1965",62,4,1,1,0,1,0,0,7.99,1
"1966",62,4,2,1,0,1,0,0,12.99,0
"1967",62,4,3,1,0,1,0,0,19.99,0
"1968",62,4,4,0,0,0,0,0,0,0
"1969",62,5,1,1,0,0,1,1,7.99,0
"1970",62,5,2,0,1,0,1,1,19.99,0
"1971",62,5,3,1,0,1,0,1,12.99,1
"1972",62,5,4,0,0,0,0,0,0,0
"1973",62,6,1,1,0,0,1,0,12.99,0
"1974",62,6,2,0,1,0,1,0,7.99,1
"1975",62,6,3,0,1,1,0,1,19.99,0
"1976",62,6,4,0,0,0,0,0,0,0
"1977",62,7,1,1,0,0,1,0,19.99,0
"1978",62,7,2,0,1,0,1,1,12.99,0
"1979",62,7,3,1,0,1,0,1,7.99,1
"1980",62,7,4,0,0,0,0,0,0,0
"1981",62,8,1,1,0,0,1,0,7.99,1
"1982",62,8,2,0,1,1,0,1,12.99,0
"1983",62,8,3,0,1,0,1,0,19.99,0
"1984",62,8,4,0,0,0,0,0,0,0
"1985",63,1,1,0,1,1,0,1,19.99,1
"1986",63,1,2,1,0,0,1,0,12.99,0
"1987",63,1,3,1,0,1,0,1,19.99,0
"1988",63,1,4,0,0,0,0,0,0,0
"1989",63,2,1,0,1,0,1,1,12.99,0
"1990",63,2,2,1,0,1,0,1,12.99,1
"1991",63,2,3,0,1,1,0,1,7.99,0
"1992",63,2,4,0,0,0,0,0,0,0
"1993",63,3,1,1,0,1,0,0,7.99,0
"1994",63,3,2,1,0,1,0,0,19.99,1
"1995",63,3,3,1,0,1,0,0,12.99,0
"1996",63,3,4,0,0,0,0,0,0,0
"1997",63,4,1,0,1,0,1,0,19.99,1
"1998",63,4,2,0,1,0,1,0,7.99,0
"1999",63,4,3,1,0,0,1,1,7.99,0
"2000",63,4,4,0,0,0,0,0,0,0
"2001",63,5,1,0,1,1,0,0,19.99,1
"2002",63,5,2,0,1,1,0,0,12.99,0
"2003",63,5,3,0,1,0,1,1,7.99,0
"2004",63,5,4,0,0,0,0,0,0,0
"2005",63,6,1,1,0,0,1,1,12.99,0
"2006",63,6,2,1,0,0,1,0,7.99,0
"2007",63,6,3,1,0,0,1,0,19.99,1
"2008",63,6,4,0,0,0,0,0,0,0
"2009",63,7,1,0,1,0,1,0,12.99,0
"2010",63,7,2,1,0,1,0,1,7.99,0
"2011",63,7,3,0,1,0,1,1,19.99,1
"2012",63,7,4,0,0,0,0,0,0,0
"2013",63,8,1,0,1,1,0,0,7.99,0
"2014",63,8,2,1,0,0,1,1,19.99,1
"2015",63,8,3,0,1,1,0,1,12.99,0
"2016",63,8,4,0,0,0,0,0,0,0
"2017",64,1,1,1,0,0,1,1,12.99,0
"2018",64,1,2,1,0,1,0,0,19.99,0
"2019",64,1,3,1,0,1,0,0,12.99,1
"2020",64,1,4,0,0,0,0,0,0,0
"2021",64,2,1,0,1,0,1,0,7.99,0
"2022",64,2,2,1,0,1,0,1,19.99,1
"2023",64,2,3,0,1,0,1,1,7.99,0
"2024",64,2,4,0,0,0,0,0,0,0
"2025",64,3,1,0,1,1,0,0,12.99,0
"2026",64,3,2,1,0,0,1,0,7.99,1
"2027",64,3,3,1,0,1,0,0,7.99,0
"2028",64,3,4,0,0,0,0,0,0,0
"2029",64,4,1,0,1,0,1,1,12.99,0
"2030",64,4,2,0,1,0,1,0,19.99,1
"2031",64,4,3,0,1,1,0,1,12.99,0
"2032",64,4,4,0,0,0,0,0,0,0
"2033",64,5,1,1,0,0,1,1,19.99,0
"2034",64,5,2,0,1,1,0,0,19.99,0
"2035",64,5,3,1,0,0,1,1,7.99,1
"2036",64,5,4,0,0,0,0,0,0,0
"2037",64,6,1,1,0,0,1,0,12.99,0
"2038",64,6,2,0,1,1,0,1,7.99,1
"2039",64,6,3,0,1,1,0,1,19.99,0
"2040",64,6,4,0,0,0,0,0,0,0
"2041",64,7,1,0,1,1,0,0,7.99,0
"2042",64,7,2,0,1,0,1,1,19.99,1
"2043",64,7,3,1,0,1,0,1,7.99,0
"2044",64,7,4,0,0,0,0,0,0,0
"2045",64,8,1,0,1,0,1,0,12.99,0
"2046",64,8,2,1,0,0,1,0,19.99,0
"2047",64,8,3,1,0,1,0,1,12.99,1
"2048",64,8,4,0,0,0,0,0,0,0
"2049",65,1,1,1,0,1,0,0,12.99,0
"2050",65,1,2,0,1,0,1,0,7.99,1
"2051",65,1,3,1,0,1,0,1,12.99,0
"2052",65,1,4,0,0,0,0,0,0,0
"2053",65,2,1,0,1,0,1,0,19.99,0
"2054",65,2,2,1,0,0,1,0,19.99,0
"2055",65,2,3,0,1,1,0,0,12.99,0
"2056",65,2,4,0,0,0,0,0,0,1
"2057",65,3,1,1,0,0,1,0,7.99,0
"2058",65,3,2,1,0,1,0,0,7.99,0
"2059",65,3,3,0,1,1,0,1,19.99,0
"2060",65,3,4,0,0,0,0,0,0,1
"2061",65,4,1,0,1,1,0,1,12.99,0
"2062",65,4,2,1,0,0,1,1,19.99,0
"2063",65,4,3,0,1,0,1,0,12.99,0
"2064",65,4,4,0,0,0,0,0,0,1
"2065",65,5,1,0,1,0,1,1,19.99,0
"2066",65,5,2,1,0,1,0,1,7.99,0
"2067",65,5,3,0,1,1,0,1,7.99,1
"2068",65,5,4,0,0,0,0,0,0,0
"2069",65,6,1,1,0,0,1,1,12.99,0
"2070",65,6,2,1,0,0,1,1,7.99,0
"2071",65,6,3,0,1,0,1,1,12.99,0
"2072",65,6,4,0,0,0,0,0,0,1
"2073",65,7,1,1,0,1,0,1,19.99,0
"2074",65,7,2,0,1,1,0,0,19.99,0
"2075",65,7,3,0,1,0,1,1,7.99,1
"2076",65,7,4,0,0,0,0,0,0,0
"2077",65,8,1,1,0,0,1,0,12.99,0
"2078",65,8,2,0,1,1,0,0,7.99,1
"2079",65,8,3,1,0,1,0,0,19.99,0
"2080",65,8,4,0,0,0,0,0,0,0
"2081",66,1,1,1,0,1,0,1,12.99,0
"2082",66,1,2,1,0,1,0,1,19.99,0
"2083",66,1,3,0,1,0,1,1,7.99,0
"2084",66,1,4,0,0,0,0,0,0,1
"2085",66,2,1,0,1,0,1,0,19.99,0
"2086",66,2,2,0,1,1,0,1,7.99,0
"2087",66,2,3,1,0,1,0,1,7.99,0
"2088",66,2,4,0,0,0,0,0,0,1
"2089",66,3,1,0,1,1,0,1,12.99,0
"2090",66,3,2,0,1,1,0,1,19.99,0
"2091",66,3,3,1,0,1,0,0,7.99,0
"2092",66,3,4,0,0,0,0,0,0,1
"2093",66,4,1,1,0,0,1,0,12.99,0
"2094",66,4,2,0,1,0,1,1,19.99,0
"2095",66,4,3,0,1,0,1,0,7.99,0
"2096",66,4,4,0,0,0,0,0,0,1
"2097",66,5,1,0,1,0,1,1,12.99,0
"2098",66,5,2,0,1,1,0,0,12.99,0
"2099",66,5,3,0,1,1,0,0,7.99,0
"2100",66,5,4,0,0,0,0,0,0,1
"2101",66,6,1,1,0,0,1,0,19.99,0
"2102",66,6,2,1,0,0,1,1,19.99,0
"2103",66,6,3,0,1,0,1,0,12.99,0
"2104",66,6,4,0,0,0,0,0,0,1
"2105",66,7,1,0,1,1,0,0,19.99,0
"2106",66,7,2,1,0,0,1,0,7.99,0
"2107",66,7,3,1,0,1,0,0,19.99,0
"2108",66,7,4,0,0,0,0,0,0,1
"2109",66,8,1,1,0,0,1,1,7.99,0
"2110",66,8,2,1,0,1,0,0,12.99,0
"2111",66,8,3,1,0,0,1,1,12.99,0
"2112",66,8,4,0,0,0,0,0,0,1
"2113",67,1,1,0,1,0,1,0,12.99,0
"2114",67,1,2,1,0,1,0,1,7.99,1
"2115",67,1,3,1,0,1,0,0,19.99,0
"2116",67,1,4,0,0,0,0,0,0,0
"2117",67,2,1,0,1,0,1,0,19.99,0
"2118",67,2,2,0,1,1,0,1,12.99,0
"2119",67,2,3,0,1,0,1,1,7.99,1
"2120",67,2,4,0,0,0,0,0,0,0
"2121",67,3,1,1,0,0,1,0,19.99,0
"2122",67,3,2,1,0,0,1,0,7.99,0
"2123",67,3,3,1,0,0,1,1,19.99,0
"2124",67,3,4,0,0,0,0,0,0,1
"2125",67,4,1,1,0,1,0,0,12.99,0
"2126",67,4,2,0,1,1,0,0,7.99,1
"2127",67,4,3,1,0,1,0,1,19.99,0
"2128",67,4,4,0,0,0,0,0,0,0
"2129",67,5,1,1,0,1,0,1,12.99,0
"2130",67,5,2,1,0,0,1,1,12.99,0
"2131",67,5,3,1,0,1,0,0,7.99,0
"2132",67,5,4,0,0,0,0,0,0,1
"2133",67,6,1,1,0,0,1,0,12.99,0
"2134",67,6,2,0,1,1,0,0,19.99,0
"2135",67,6,3,0,1,0,1,0,7.99,0
"2136",67,6,4,0,0,0,0,0,0,1
"2137",67,7,1,0,1,1,0,0,12.99,0
"2138",67,7,2,0,1,1,0,1,19.99,0
"2139",67,7,3,0,1,0,1,1,19.99,0
"2140",67,7,4,0,0,0,0,0,0,1
"2141",67,8,1,0,1,1,0,1,7.99,0
"2142",67,8,2,1,0,0,1,1,7.99,1
"2143",67,8,3,0,1,0,1,1,12.99,0
"2144",67,8,4,0,0,0,0,0,0,0
"2145",68,1,1,0,1,1,0,1,19.99,0
"2146",68,1,2,1,0,1,0,0,12.99,0
"2147",68,1,3,1,0,1,0,0,7.99,0
"2148",68,1,4,0,0,0,0,0,0,1
"2149",68,2,1,0,1,0,1,0,12.99,0
"2150",68,2,2,0,1,1,0,0,7.99,0
"2151",68,2,3,0,1,1,0,1,12.99,0
"2152",68,2,4,0,0,0,0,0,0,1
"2153",68,3,1,1,0,1,0,1,7.99,0
"2154",68,3,2,0,1,1,0,0,12.99,0
"2155",68,3,3,0,1,0,1,0,7.99,0
"2156",68,3,4,0,0,0,0,0,0,1
"2157",68,4,1,0,1,0,1,1,19.99,0
"2158",68,4,2,1,0,1,0,0,19.99,0
"2159",68,4,3,1,0,0,1,1,19.99,0
"2160",68,4,4,0,0,0,0,0,0,1
"2161",68,5,1,1,0,0,1,0,7.99,0
"2162",68,5,2,1,0,1,0,1,12.99,0
"2163",68,5,3,0,1,1,0,1,7.99,0
"2164",68,5,4,0,0,0,0,0,0,1
"2165",68,6,1,1,0,0,1,0,19.99,0
"2166",68,6,2,1,0,1,0,1,19.99,0
"2167",68,6,3,1,0,0,1,1,12.99,0
"2168",68,6,4,0,0,0,0,0,0,1
"2169",68,7,1,0,1,0,1,1,7.99,0
"2170",68,7,2,0,1,0,1,0,19.99,0
"2171",68,7,3,0,1,0,1,1,12.99,0
"2172",68,7,4,0,0,0,0,0,0,1
"2173",68,8,1,1,0,0,1,0,12.99,0
"2174",68,8,2,0,1,1,0,0,19.99,0
"2175",68,8,3,1,0,0,1,1,7.99,0
"2176",68,8,4,0,0,0,0,0,0,1
"2177",69,1,1,0,1,1,0,1,19.99,0
"2178",69,1,2,0,1,1,0,0,7.99,0
"2179",69,1,3,1,0,1,0,1,19.99,0
"2180",69,1,4,0,0,0,0,0,0,1
"2181",69,2,1,1,0,0,1,1,7.99,0
"2182",69,2,2,0,1,1,0,0,12.99,0
"2183",69,2,3,1,0,1,0,0,7.99,0
"2184",69,2,4,0,0,0,0,0,0,1
"2185",69,3,1,1,0,1,0,1,12.99,0
"2186",69,3,2,0,1,1,0,0,19.99,0
"2187",69,3,3,1,0,0,1,0,19.99,0
"2188",69,3,4,0,0,0,0,0,0,1
"2189",69,4,1,1,0,1,0,0,12.99,0
"2190",69,4,2,1,0,0,1,0,7.99,0
"2191",69,4,3,0,1,0,1,0,12.99,0
"2192",69,4,4,0,0,0,0,0,0,1
"2193",69,5,1,0,1,0,1,1,19.99,0
"2194",69,5,2,0,1,0,1,1,7.99,0
"2195",69,5,3,1,0,0,1,1,12.99,0
"2196",69,5,4,0,0,0,0,0,0,1
"2197",69,6,1,0,1,0,1,0,7.99,0
"2198",69,6,2,1,0,0,1,1,19.99,0
"2199",69,6,3,1,0,0,1,0,12.99,0
"2200",69,6,4,0,0,0,0,0,0,1
"2201",69,7,1,0,1,1,0,1,12.99,0
"2202",69,7,2,1,0,1,0,1,7.99,0
"2203",69,7,3,0,1,0,1,1,12.99,0
"2204",69,7,4,0,0,0,0,0,0,1
"2205",69,8,1,0,1,1,0,1,7.99,0
"2206",69,8,2,1,0,1,0,0,19.99,0
"2207",69,8,3,0,1,0,1,0,19.99,0
"2208",69,8,4,0,0,0,0,0,0,1
"2209",70,1,1,1,0,1,0,0,19.99,0
"2210",70,1,2,0,1,0,1,0,12.99,0
"2211",70,1,3,1,0,0,1,1,19.99,0
"2212",70,1,4,0,0,0,0,0,0,1
"2213",70,2,1,1,0,1,0,1,12.99,0
"2214",70,2,2,1,0,0,1,0,7.99,0
"2215",70,2,3,1,0,0,1,1,12.99,0
"2216",70,2,4,0,0,0,0,0,0,1
"2217",70,3,1,0,1,1,0,1,7.99,0
"2218",70,3,2,1,0,1,0,0,7.99,0
"2219",70,3,3,0,1,0,1,0,19.99,0
"2220",70,3,4,0,0,0,0,0,0,1
"2221",70,4,1,0,1,1,0,1,19.99,0
"2222",70,4,2,1,0,0,1,1,7.99,0
"2223",70,4,3,1,0,0,1,0,19.99,0
"2224",70,4,4,0,0,0,0,0,0,1
"2225",70,5,1,0,1,0,1,1,12.99,0
"2226",70,5,2,1,0,1,0,1,7.99,0
"2227",70,5,3,1,0,1,0,0,12.99,0
"2228",70,5,4,0,0,0,0,0,0,1
"2229",70,6,1,0,1,0,1,1,7.99,0
"2230",70,6,2,0,1,0,1,1,19.99,0
"2231",70,6,3,0,1,1,0,0,7.99,0
"2232",70,6,4,0,0,0,0,0,0,1
"2233",70,7,1,0,1,1,0,1,12.99,0
"2234",70,7,2,1,0,0,1,0,12.99,0
"2235",70,7,3,1,0,1,0,1,19.99,0
"2236",70,7,4,0,0,0,0,0,0,1
"2237",70,8,1,0,1,1,0,0,19.99,0
"2238",70,8,2,0,1,1,0,0,12.99,0
"2239",70,8,3,0,1,0,1,0,7.99,0
"2240",70,8,4,0,0,0,0,0,0,1
"2241",71,1,1,1,0,1,0,0,12.99,1
"2242",71,1,2,1,0,1,0,0,19.99,0
"2243",71,1,3,0,1,1,0,1,12.99,0
"2244",71,1,4,0,0,0,0,0,0,0
"2245",71,2,1,0,1,0,1,1,7.99,0
"2246",71,2,2,1,0,0,1,1,7.99,1
"2247",71,2,3,0,1,1,0,0,19.99,0
"2248",71,2,4,0,0,0,0,0,0,0
"2249",71,3,1,0,1,1,0,0,12.99,0
"2250",71,3,2,0,1,0,1,0,19.99,0
"2251",71,3,3,1,0,0,1,0,7.99,1
"2252",71,3,4,0,0,0,0,0,0,0
"2253",71,4,1,0,1,0,1,0,7.99,0
"2254",71,4,2,1,0,1,0,1,12.99,1
"2255",71,4,3,1,0,0,1,0,19.99,0
"2256",71,4,4,0,0,0,0,0,0,0
"2257",71,5,1,0,1,1,0,0,7.99,0
"2258",71,5,2,0,1,1,0,1,19.99,0
"2259",71,5,3,1,0,1,0,0,7.99,1
"2260",71,5,4,0,0,0,0,0,0,0
"2261",71,6,1,1,0,1,0,1,19.99,1
"2262",71,6,2,1,0,1,0,1,7.99,0
"2263",71,6,3,1,0,0,1,1,12.99,0
"2264",71,6,4,0,0,0,0,0,0,0
"2265",71,7,1,1,0,0,1,0,12.99,1
"2266",71,7,2,0,1,0,1,1,12.99,0
"2267",71,7,3,0,1,0,1,0,12.99,0
"2268",71,7,4,0,0,0,0,0,0,0
"2269",71,8,1,0,1,1,0,1,7.99,0
"2270",71,8,2,0,1,0,1,1,19.99,0
"2271",71,8,3,1,0,0,1,1,19.99,1
"2272",71,8,4,0,0,0,0,0,0,0
"2273",72,1,1,1,0,1,0,0,12.99,0
"2274",72,1,2,0,1,0,1,1,7.99,1
"2275",72,1,3,0,1,0,1,0,19.99,0
"2276",72,1,4,0,0,0,0,0,0,0
"2277",72,2,1,1,0,0,1,1,12.99,0
"2278",72,2,2,1,0,1,0,1,7.99,1
"2279",72,2,3,0,1,1,0,0,19.99,0
"2280",72,2,4,0,0,0,0,0,0,0
"2281",72,3,1,0,1,0,1,0,12.99,0
"2282",72,3,2,1,0,0,1,1,19.99,0
"2283",72,3,3,0,1,1,0,0,12.99,0
"2284",72,3,4,0,0,0,0,0,0,1
"2285",72,4,1,1,0,0,1,1,7.99,0
"2286",72,4,2,0,1,1,0,0,7.99,1
"2287",72,4,3,1,0,1,0,1,12.99,0
"2288",72,4,4,0,0,0,0,0,0,0
"2289",72,5,1,0,1,1,0,1,7.99,1
"2290",72,5,2,1,0,1,0,1,19.99,0
"2291",72,5,3,1,0,0,1,0,12.99,0
"2292",72,5,4,0,0,0,0,0,0,0
"2293",72,6,1,1,0,1,0,0,19.99,0
"2294",72,6,2,0,1,0,1,1,19.99,0
"2295",72,6,3,0,1,1,0,1,12.99,0
"2296",72,6,4,0,0,0,0,0,0,1
"2297",72,7,1,0,1,0,1,0,7.99,0
"2298",72,7,2,0,1,1,0,1,19.99,0
"2299",72,7,3,1,0,1,0,0,7.99,0
"2300",72,7,4,0,0,0,0,0,0,1
"2301",72,8,1,1,0,0,1,0,19.99,0
"2302",72,8,2,1,0,0,1,0,7.99,0
"2303",72,8,3,0,1,0,1,1,12.99,0
"2304",72,8,4,0,0,0,0,0,0,1
"2305",73,1,1,0,1,0,1,0,19.99,0
"2306",73,1,2,0,1,0,1,1,12.99,0
"2307",73,1,3,1,0,1,0,0,7.99,1
"2308",73,1,4,0,0,0,0,0,0,0
"2309",73,2,1,1,0,1,0,0,19.99,0
"2310",73,2,2,0,1,1,0,1,12.99,0
"2311",73,2,3,0,1,1,0,0,7.99,1
"2312",73,2,4,0,0,0,0,0,0,0
"2313",73,3,1,0,1,1,0,0,19.99,0
"2314",73,3,2,1,0,1,0,1,7.99,1
"2315",73,3,3,1,0,0,1,0,19.99,0
"2316",73,3,4,0,0,0,0,0,0,0
"2317",73,4,1,1,0,0,1,0,7.99,0
"2318",73,4,2,1,0,0,1,1,12.99,1
"2319",73,4,3,1,0,1,0,1,19.99,0
"2320",73,4,4,0,0,0,0,0,0,0
"2321",73,5,1,1,0,1,0,1,12.99,0
"2322",73,5,2,0,1,1,0,1,7.99,1
"2323",73,5,3,0,1,0,1,0,12.99,0
"2324",73,5,4,0,0,0,0,0,0,0
"2325",73,6,1,1,0,0,1,1,19.99,0
"2326",73,6,2,0,1,1,0,0,12.99,0
"2327",73,6,3,0,1,1,0,1,19.99,1
"2328",73,6,4,0,0,0,0,0,0,0
"2329",73,7,1,0,1,0,1,1,7.99,0
"2330",73,7,2,0,1,0,1,0,7.99,1
"2331",73,7,3,1,0,0,1,1,7.99,0
"2332",73,7,4,0,0,0,0,0,0,0
"2333",73,8,1,1,0,0,1,0,12.99,0
"2334",73,8,2,1,0,1,0,0,12.99,0
"2335",73,8,3,0,1,0,1,1,19.99,1
"2336",73,8,4,0,0,0,0,0,0,0
"2337",74,1,1,0,1,1,0,1,12.99,0
"2338",74,1,2,0,1,0,1,0,7.99,0
"2339",74,1,3,1,0,0,1,0,19.99,1
"2340",74,1,4,0,0,0,0,0,0,0
"2341",74,2,1,0,1,0,1,1,12.99,0
"2342",74,2,2,0,1,0,1,1,19.99,0
"2343",74,2,3,0,1,1,0,1,7.99,1
"2344",74,2,4,0,0,0,0,0,0,0
"2345",74,3,1,1,0,0,1,1,19.99,0
"2346",74,3,2,0,1,1,0,0,12.99,0
"2347",74,3,3,1,0,0,1,0,7.99,1
"2348",74,3,4,0,0,0,0,0,0,0
"2349",74,4,1,1,0,1,0,1,12.99,0
"2350",74,4,2,0,1,0,1,1,7.99,0
"2351",74,4,3,1,0,0,1,1,12.99,1
"2352",74,4,4,0,0,0,0,0,0,0
"2353",74,5,1,1,0,1,0,1,7.99,0
"2354",74,5,2,1,0,1,0,1,19.99,1
"2355",74,5,3,1,0,0,1,0,12.99,0
"2356",74,5,4,0,0,0,0,0,0,0
"2357",74,6,1,0,1,1,0,0,7.99,0
"2358",74,6,2,0,1,1,0,0,19.99,1
"2359",74,6,3,1,0,1,0,0,19.99,0
"2360",74,6,4,0,0,0,0,0,0,0
"2361",74,7,1,1,0,1,0,0,7.99,0
"2362",74,7,2,0,1,1,0,1,19.99,1
"2363",74,7,3,1,0,1,0,0,12.99,0
"2364",74,7,4,0,0,0,0,0,0,0
"2365",74,8,1,0,1,0,1,0,19.99,0
"2366",74,8,2,1,0,0,1,1,7.99,0
"2367",74,8,3,0,1,0,1,0,12.99,1
"2368",74,8,4,0,0,0,0,0,0,0
"2369",75,1,1,0,1,0,1,1,12.99,1
"2370",75,1,2,0,1,0,1,1,19.99,0
"2371",75,1,3,1,0,0,1,1,12.99,0
"2372",75,1,4,0,0,0,0,0,0,0
"2373",75,2,1,1,0,0,1,1,7.99,1
"2374",75,2,2,1,0,0,1,0,19.99,0
"2375",75,2,3,1,0,0,1,0,7.99,0
"2376",75,2,4,0,0,0,0,0,0,0
"2377",75,3,1,0,1,1,0,0,19.99,0
"2378",75,3,2,1,0,0,1,0,12.99,1
"2379",75,3,3,0,1,0,1,1,7.99,0
"2380",75,3,4,0,0,0,0,0,0,0
"2381",75,4,1,1,0,1,0,1,12.99,1
"2382",75,4,2,0,1,0,1,0,19.99,0
"2383",75,4,3,1,0,1,0,0,7.99,0
"2384",75,4,4,0,0,0,0,0,0,0
"2385",75,5,1,0,1,1,0,1,7.99,0
"2386",75,5,2,0,1,0,1,0,12.99,1
"2387",75,5,3,0,1,0,1,0,7.99,0
"2388",75,5,4,0,0,0,0,0,0,0
"2389",75,6,1,1,0,1,0,0,19.99,0
"2390",75,6,2,1,0,0,1,1,19.99,1
"2391",75,6,3,0,1,1,0,0,12.99,0
"2392",75,6,4,0,0,0,0,0,0,0
"2393",75,7,1,0,1,1,0,1,12.99,0
"2394",75,7,2,0,1,1,0,0,7.99,1
"2395",75,7,3,0,1,1,0,1,19.99,0
"2396",75,7,4,0,0,0,0,0,0,0
"2397",75,8,1,1,0,1,0,0,12.99,0
"2398",75,8,2,1,0,1,0,1,19.99,1
"2399",75,8,3,1,0,1,0,1,7.99,0
"2400",75,8,4,0,0,0,0,0,0,0
"2401",76,1,1,1,0,1,0,1,12.99,0
"2402",76,1,2,1,0,0,1,0,19.99,0
"2403",76,1,3,1,0,0,1,1,7.99,0
"2404",76,1,4,0,0,0,0,0,0,1
"2405",76,2,1,0,1,0,1,0,12.99,0
"2406",76,2,2,0,1,0,1,1,7.99,0
"2407",76,2,3,1,0,0,1,1,19.99,0
"2408",76,2,4,0,0,0,0,0,0,1
"2409",76,3,1,0,1,1,0,0,12.99,0
"2410",76,3,2,0,1,1,0,1,19.99,0
"2411",76,3,3,1,0,0,1,1,12.99,0
"2412",76,3,4,0,0,0,0,0,0,1
"2413",76,4,1,1,0,1,0,0,19.99,0
"2414",76,4,2,1,0,0,1,0,7.99,0
"2415",76,4,3,1,0,1,0,1,7.99,0
"2416",76,4,4,0,0,0,0,0,0,1
"2417",76,5,1,0,1,1,0,1,12.99,0
"2418",76,5,2,0,1,1,0,1,7.99,0
"2419",76,5,3,1,0,1,0,1,19.99,0
"2420",76,5,4,0,0,0,0,0,0,1
"2421",76,6,1,0,1,0,1,0,7.99,0
"2422",76,6,2,1,0,1,0,0,12.99,0
"2423",76,6,3,0,1,0,1,1,19.99,0
"2424",76,6,4,0,0,0,0,0,0,1
"2425",76,7,1,0,1,0,1,1,12.99,0
"2426",76,7,2,0,1,1,0,0,7.99,0
"2427",76,7,3,0,1,1,0,0,19.99,0
"2428",76,7,4,0,0,0,0,0,0,1
"2429",76,8,1,1,0,0,1,0,12.99,0
"2430",76,8,2,0,1,0,1,0,19.99,0
"2431",76,8,3,1,0,1,0,0,7.99,0
"2432",76,8,4,0,0,0,0,0,0,1
"2433",77,1,1,0,1,0,1,0,19.99,0
"2434",77,1,2,0,1,0,1,1,7.99,0
"2435",77,1,3,0,1,1,0,1,12.99,0
"2436",77,1,4,0,0,0,0,0,0,1
"2437",77,2,1,0,1,1,0,0,7.99,0
"2438",77,2,2,1,0,1,0,0,12.99,0
"2439",77,2,3,0,1,1,0,0,19.99,0
"2440",77,2,4,0,0,0,0,0,0,1
"2441",77,3,1,1,0,1,0,1,12.99,0
"2442",77,3,2,0,1,1,0,1,19.99,0
"2443",77,3,3,0,1,0,1,1,12.99,0
"2444",77,3,4,0,0,0,0,0,0,1
"2445",77,4,1,1,0,0,1,0,19.99,0
"2446",77,4,2,1,0,1,0,1,7.99,0
"2447",77,4,3,1,0,0,1,1,7.99,0
"2448",77,4,4,0,0,0,0,0,0,1
"2449",77,5,1,1,0,1,0,1,19.99,0
"2450",77,5,2,1,0,0,1,1,12.99,0
"2451",77,5,3,1,0,1,0,0,7.99,0
"2452",77,5,4,0,0,0,0,0,0,1
"2453",77,6,1,1,0,1,0,0,19.99,0
"2454",77,6,2,0,1,1,0,0,12.99,0
"2455",77,6,3,0,1,0,1,0,7.99,0
"2456",77,6,4,0,0,0,0,0,0,1
"2457",77,7,1,0,1,0,1,0,12.99,0
"2458",77,7,2,1,0,0,1,0,7.99,0
"2459",77,7,3,0,1,0,1,1,19.99,0
"2460",77,7,4,0,0,0,0,0,0,1
"2461",77,8,1,1,0,0,1,0,12.99,0
"2462",77,8,2,1,0,0,1,1,19.99,0
"2463",77,8,3,0,1,1,0,1,7.99,0
"2464",77,8,4,0,0,0,0,0,0,1
"2465",78,1,1,0,1,0,1,0,12.99,0
"2466",78,1,2,0,1,1,0,1,7.99,1
"2467",78,1,3,0,1,0,1,0,19.99,0
"2468",78,1,4,0,0,0,0,0,0,0
"2469",78,2,1,1,0,0,1,1,12.99,1
"2470",78,2,2,1,0,0,1,1,19.99,0
"2471",78,2,3,1,0,1,0,0,19.99,0
"2472",78,2,4,0,0,0,0,0,0,0
"2473",78,3,1,1,0,1,0,0,12.99,0
"2474",78,3,2,1,0,1,0,0,7.99,1
"2475",78,3,3,0,1,1,0,0,7.99,0
"2476",78,3,4,0,0,0,0,0,0,0
"2477",78,4,1,0,1,1,0,1,19.99,0
"2478",78,4,2,0,1,1,0,0,12.99,0
"2479",78,4,3,1,0,0,1,1,7.99,1
"2480",78,4,4,0,0,0,0,0,0,0
"2481",78,5,1,0,1,0,1,0,7.99,1
"2482",78,5,2,1,0,0,1,0,19.99,0
"2483",78,5,3,1,0,0,1,0,12.99,0
"2484",78,5,4,0,0,0,0,0,0,0
"2485",78,6,1,0,1,1,0,0,19.99,0
"2486",78,6,2,0,1,1,0,1,12.99,0
"2487",78,6,3,1,0,1,0,1,19.99,0
"2488",78,6,4,0,0,0,0,0,0,1
"2489",78,7,1,0,1,0,1,1,12.99,0
"2490",78,7,2,1,0,1,0,1,7.99,1
"2491",78,7,3,0,1,0,1,1,7.99,0
"2492",78,7,4,0,0,0,0,0,0,0
"2493",78,8,1,1,0,1,0,1,12.99,0
"2494",78,8,2,0,1,0,1,1,19.99,0
"2495",78,8,3,1,0,0,1,0,7.99,1
"2496",78,8,4,0,0,0,0,0,0,0
"2497",79,1,1,0,1,1,0,0,19.99,0
"2498",79,1,2,0,1,0,1,0,12.99,0
"2499",79,1,3,1,0,0,1,0,7.99,0
"2500",79,1,4,0,0,0,0,0,0,1
"2501",79,2,1,0,1,1,0,0,12.99,0
"2502",79,2,2,0,1,0,1,1,7.99,0
"2503",79,2,3,1,0,0,1,0,12.99,0
"2504",79,2,4,0,0,0,0,0,0,1
"2505",79,3,1,1,0,1,0,1,19.99,0
"2506",79,3,2,1,0,1,0,1,7.99,0
"2507",79,3,3,1,0,1,0,0,19.99,0
"2508",79,3,4,0,0,0,0,0,0,1
"2509",79,4,1,0,1,0,1,1,12.99,0
"2510",79,4,2,0,1,1,0,1,7.99,0
"2511",79,4,3,1,0,1,0,1,12.99,0
"2512",79,4,4,0,0,0,0,0,0,1
"2513",79,5,1,1,0,0,1,0,19.99,0
"2514",79,5,2,0,1,1,0,0,7.99,0
"2515",79,5,3,0,1,0,1,0,7.99,0
"2516",79,5,4,0,0,0,0,0,0,1
"2517",79,6,1,1,0,1,0,0,12.99,0
"2518",79,6,2,1,0,1,0,0,7.99,0
"2519",79,6,3,0,1,1,0,1,19.99,0
"2520",79,6,4,0,0,0,0,0,0,1
"2521",79,7,1,0,1,0,1,0,19.99,0
"2522",79,7,2,0,1,1,0,1,12.99,0
"2523",79,7,3,1,0,0,1,1,12.99,0
"2524",79,7,4,0,0,0,0,0,0,1
"2525",79,8,1,0,1,0,1,1,19.99,0
"2526",79,8,2,1,0,0,1,1,7.99,0
"2527",79,8,3,1,0,0,1,1,19.99,0
"2528",79,8,4,0,0,0,0,0,0,1
"2529",80,1,1,0,1,1,0,0,19.99,0
"2530",80,1,2,1,0,0,1,0,7.99,0
"2531",80,1,3,0,1,0,1,1,12.99,0
"2532",80,1,4,0,0,0,0,0,0,1
"2533",80,2,1,0,1,1,0,1,19.99,0
"2534",80,2,2,0,1,1,0,1,12.99,0
"2535",80,2,3,0,1,1,0,0,7.99,0
"2536",80,2,4,0,0,0,0,0,0,1
"2537",80,3,1,1,0,0,1,0,19.99,0
"2538",80,3,2,0,1,0,1,0,7.99,0
"2539",80,3,3,1,0,0,1,0,12.99,0
"2540",80,3,4,0,0,0,0,0,0,1
"2541",80,4,1,1,0,1,0,1,7.99,0
"2542",80,4,2,1,0,1,0,1,19.99,0
"2543",80,4,3,1,0,0,1,1,12.99,0
"2544",80,4,4,0,0,0,0,0,0,1
"2545",80,5,1,0,1,0,1,1,19.99,0
"2546",80,5,2,1,0,1,0,1,12.99,0
"2547",80,5,3,0,1,0,1,1,7.99,0
"2548",80,5,4,0,0,0,0,0,0,1
"2549",80,6,1,0,1,1,0,0,12.99,0
"2550",80,6,2,1,0,0,1,1,7.99,0
"2551",80,6,3,1,0,1,0,0,7.99,0
"2552",80,6,4,0,0,0,0,0,0,1
"2553",80,7,1,0,1,0,1,0,12.99,0
"2554",80,7,2,1,0,1,0,0,12.99,0
"2555",80,7,3,1,0,0,1,1,19.99,0
"2556",80,7,4,0,0,0,0,0,0,1
"2557",80,8,1,0,1,1,0,1,7.99,0
"2558",80,8,2,1,0,1,0,0,19.99,0
"2559",80,8,3,0,1,0,1,0,19.99,0
"2560",80,8,4,0,0,0,0,0,0,1
"2561",81,1,1,1,0,1,0,0,12.99,0
"2562",81,1,2,0,1,0,1,0,19.99,0
"2563",81,1,3,1,0,1,0,1,7.99,0
"2564",81,1,4,0,0,0,0,0,0,1
"2565",81,2,1,0,1,1,0,1,19.99,0
"2566",81,2,2,1,0,0,1,0,7.99,0
"2567",81,2,3,1,0,0,1,0,19.99,0
"2568",81,2,4,0,0,0,0,0,0,1
"2569",81,3,1,0,1,0,1,0,7.99,0
"2570",81,3,2,1,0,0,1,1,19.99,0
"2571",81,3,3,0,1,1,0,1,7.99,0
"2572",81,3,4,0,0,0,0,0,0,1
"2573",81,4,1,1,0,1,0,1,12.99,0
"2574",81,4,2,0,1,0,1,1,12.99,0
"2575",81,4,3,1,0,0,1,0,12.99,0
"2576",81,4,4,0,0,0,0,0,0,1
"2577",81,5,1,0,1,0,1,1,7.99,0
"2578",81,5,2,1,0,0,1,1,12.99,0
"2579",81,5,3,0,1,0,1,1,19.99,0
"2580",81,5,4,0,0,0,0,0,0,1
"2581",81,6,1,1,0,1,0,0,19.99,0
"2582",81,6,2,1,0,0,1,1,7.99,0
"2583",81,6,3,0,1,1,0,0,12.99,0
"2584",81,6,4,0,0,0,0,0,0,1
"2585",81,7,1,1,0,1,0,0,7.99,0
"2586",81,7,2,1,0,1,0,1,19.99,0
"2587",81,7,3,0,1,1,0,1,12.99,0
"2588",81,7,4,0,0,0,0,0,0,1
"2589",81,8,1,0,1,1,0,0,7.99,0
"2590",81,8,2,0,1,1,0,0,19.99,0
"2591",81,8,3,0,1,0,1,0,12.99,0
"2592",81,8,4,0,0,0,0,0,0,1
"2593",82,1,1,1,0,0,1,1,12.99,0
"2594",82,1,2,1,0,0,1,0,19.99,0
"2595",82,1,3,1,0,0,1,0,7.99,0
"2596",82,1,4,0,0,0,0,0,0,1
"2597",82,2,1,0,1,1,0,0,7.99,0
"2598",82,2,2,1,0,1,0,1,12.99,0
"2599",82,2,3,0,1,0,1,1,19.99,0
"2600",82,2,4,0,0,0,0,0,0,1
"2601",82,3,1,0,1,0,1,0,19.99,0
"2602",82,3,2,0,1,1,0,1,12.99,0
"2603",82,3,3,1,0,1,0,1,19.99,0
"2604",82,3,4,0,0,0,0,0,0,1
"2605",82,4,1,0,1,0,1,0,7.99,0
"2606",82,4,2,1,0,0,1,1,7.99,0
"2607",82,4,3,0,1,1,0,0,19.99,0
"2608",82,4,4,0,0,0,0,0,0,1
"2609",82,5,1,0,1,0,1,1,12.99,0
"2610",82,5,2,1,0,1,0,0,7.99,0
"2611",82,5,3,0,1,0,1,0,12.99,0
"2612",82,5,4,0,0,0,0,0,0,1
"2613",82,6,1,1,0,1,0,0,19.99,0
"2614",82,6,2,0,1,1,0,1,7.99,0
"2615",82,6,3,1,0,1,0,0,12.99,0
"2616",82,6,4,0,0,0,0,0,0,1
"2617",82,7,1,1,0,0,1,0,12.99,0
"2618",82,7,2,0,1,1,0,1,19.99,0
"2619",82,7,3,1,0,0,1,1,19.99,0
"2620",82,7,4,0,0,0,0,0,0,1
"2621",82,8,1,0,1,1,0,0,12.99,0
"2622",82,8,2,0,1,0,1,1,7.99,0
"2623",82,8,3,1,0,1,0,1,7.99,0
"2624",82,8,4,0,0,0,0,0,0,1
"2625",83,1,1,0,1,1,0,1,19.99,0
"2626",83,1,2,0,1,1,0,0,7.99,1
"2627",83,1,3,1,0,0,1,1,19.99,0
"2628",83,1,4,0,0,0,0,0,0,0
"2629",83,2,1,1,0,1,0,0,12.99,1
"2630",83,2,2,1,0,0,1,1,12.99,0
"2631",83,2,3,1,0,1,0,0,19.99,0
"2632",83,2,4,0,0,0,0,0,0,0
"2633",83,3,1,1,0,1,0,1,12.99,1
"2634",83,3,2,1,0,0,1,1,7.99,0
"2635",83,3,3,0,1,0,1,1,7.99,0
"2636",83,3,4,0,0,0,0,0,0,0
"2637",83,4,1,0,1,0,1,0,12.99,0
"2638",83,4,2,0,1,1,0,1,7.99,1
"2639",83,4,3,1,0,0,1,0,7.99,0
"2640",83,4,4,0,0,0,0,0,0,0
"2641",83,5,1,0,1,0,1,1,12.99,1
"2642",83,5,2,1,0,0,1,0,19.99,0
"2643",83,5,3,0,1,0,1,1,19.99,0
"2644",83,5,4,0,0,0,0,0,0,0
"2645",83,6,1,0,1,1,0,1,12.99,0
"2646",83,6,2,1,0,1,0,1,19.99,0
"2647",83,6,3,1,0,1,0,1,7.99,1
"2648",83,6,4,0,0,0,0,0,0,0
"2649",83,7,1,0,1,1,0,0,12.99,1
"2650",83,7,2,0,1,0,1,0,7.99,0
"2651",83,7,3,0,1,0,1,0,19.99,0
"2652",83,7,4,0,0,0,0,0,0,0
"2653",83,8,1,1,0,0,1,0,12.99,0
"2654",83,8,2,0,1,1,0,0,19.99,0
"2655",83,8,3,1,0,1,0,0,7.99,1
"2656",83,8,4,0,0,0,0,0,0,0
"2657",84,1,1,1,0,0,1,1,19.99,1
"2658",84,1,2,0,1,0,1,1,12.99,0
"2659",84,1,3,0,1,0,1,1,7.99,0
"2660",84,1,4,0,0,0,0,0,0,0
"2661",84,2,1,0,1,1,0,0,12.99,0
"2662",84,2,2,1,0,0,1,0,7.99,1
"2663",84,2,3,1,0,1,0,1,12.99,0
"2664",84,2,4,0,0,0,0,0,0,0
"2665",84,3,1,0,1,1,0,0,7.99,0
"2666",84,3,2,0,1,0,1,1,19.99,0
"2667",84,3,3,1,0,1,0,1,7.99,1
"2668",84,3,4,0,0,0,0,0,0,0
"2669",84,4,1,1,0,1,0,0,19.99,1
"2670",84,4,2,0,1,0,1,0,19.99,0
"2671",84,4,3,0,1,0,1,0,7.99,0
"2672",84,4,4,0,0,0,0,0,0,0
"2673",84,5,1,1,0,0,1,0,12.99,0
"2674",84,5,2,0,1,0,1,0,12.99,0
"2675",84,5,3,1,0,1,0,1,19.99,1
"2676",84,5,4,0,0,0,0,0,0,0
"2677",84,6,1,1,0,0,1,1,7.99,0
"2678",84,6,2,0,1,1,0,0,19.99,0
"2679",84,6,3,0,1,1,0,1,7.99,1
"2680",84,6,4,0,0,0,0,0,0,0
"2681",84,7,1,0,1,1,0,1,12.99,1
"2682",84,7,2,1,0,1,0,0,12.99,0
"2683",84,7,3,0,1,1,0,1,19.99,0
"2684",84,7,4,0,0,0,0,0,0,0
"2685",84,8,1,1,0,0,1,1,12.99,1
"2686",84,8,2,1,0,0,1,0,19.99,0
"2687",84,8,3,1,0,1,0,0,7.99,0
"2688",84,8,4,0,0,0,0,0,0,0
"2689",85,1,1,0,1,1,0,1,12.99,0
"2690",85,1,2,0,1,0,1,0,7.99,0
"2691",85,1,3,0,1,1,0,1,19.99,0
"2692",85,1,4,0,0,0,0,0,0,1
"2693",85,2,1,0,1,1,0,1,7.99,0
"2694",85,2,2,1,0,0,1,1,19.99,0
"2695",85,2,3,1,0,0,1,0,7.99,1
"2696",85,2,4,0,0,0,0,0,0,0
"2697",85,3,1,1,0,0,1,0,12.99,0
"2698",85,3,2,0,1,1,0,0,19.99,0
"2699",85,3,3,0,1,1,0,0,12.99,1
"2700",85,3,4,0,0,0,0,0,0,0
"2701",85,4,1,1,0,1,0,0,7.99,0
"2702",85,4,2,1,0,1,0,0,12.99,0
"2703",85,4,3,0,1,1,0,0,7.99,1
"2704",85,4,4,0,0,0,0,0,0,0
"2705",85,5,1,1,0,0,1,0,19.99,0
"2706",85,5,2,0,1,0,1,1,12.99,0
"2707",85,5,3,1,0,1,0,1,7.99,1
"2708",85,5,4,0,0,0,0,0,0,0
"2709",85,6,1,1,0,1,0,0,19.99,0
"2710",85,6,2,0,1,0,1,0,12.99,0
"2711",85,6,3,1,0,0,1,1,7.99,1
"2712",85,6,4,0,0,0,0,0,0,0
"2713",85,7,1,1,0,0,1,1,12.99,1
"2714",85,7,2,0,1,0,1,1,19.99,0
"2715",85,7,3,1,0,1,0,1,12.99,0
"2716",85,7,4,0,0,0,0,0,0,0
"2717",85,8,1,1,0,1,0,1,19.99,0
"2718",85,8,2,0,1,0,1,0,19.99,0
"2719",85,8,3,0,1,0,1,1,7.99,1
"2720",85,8,4,0,0,0,0,0,0,0
"2721",86,1,1,1,0,1,0,1,12.99,1
"2722",86,1,2,0,1,1,0,0,19.99,0
"2723",86,1,3,0,1,0,1,0,12.99,0
"2724",86,1,4,0,0,0,0,0,0,0
"2725",86,2,1,1,0,1,0,0,19.99,0
"2726",86,2,2,1,0,0,1,1,12.99,0
"2727",86,2,3,1,0,1,0,0,7.99,0
"2728",86,2,4,0,0,0,0,0,0,1
"2729",86,3,1,0,1,0,1,0,19.99,0
"2730",86,3,2,1,0,0,1,1,7.99,0
"2731",86,3,3,1,0,1,0,1,7.99,0
"2732",86,3,4,0,0,0,0,0,0,1
"2733",86,4,1,0,1,1,0,0,7.99,0
"2734",86,4,2,0,1,1,0,1,12.99,0
"2735",86,4,3,0,1,0,1,1,7.99,0
"2736",86,4,4,0,0,0,0,0,0,1
"2737",86,5,1,1,0,0,1,1,19.99,0
"2738",86,5,2,0,1,0,1,1,12.99,0
"2739",86,5,3,0,1,1,0,0,12.99,0
"2740",86,5,4,0,0,0,0,0,0,1
"2741",86,6,1,0,1,1,0,1,19.99,0
"2742",86,6,2,0,1,0,1,1,19.99,0
"2743",86,6,3,0,1,1,0,1,7.99,0
"2744",86,6,4,0,0,0,0,0,0,1
"2745",86,7,1,0,1,0,1,0,7.99,0
"2746",86,7,2,1,0,1,0,1,19.99,0
"2747",86,7,3,1,0,0,1,0,19.99,0
"2748",86,7,4,0,0,0,0,0,0,1
"2749",86,8,1,1,0,0,1,0,7.99,0
"2750",86,8,2,1,0,0,1,0,12.99,0
"2751",86,8,3,1,0,1,0,0,12.99,0
"2752",86,8,4,0,0,0,0,0,0,1
"2753",87,1,1,1,0,0,1,0,12.99,0
"2754",87,1,2,0,1,1,0,1,19.99,0
"2755",87,1,3,1,0,1,0,1,7.99,1
"2756",87,1,4,0,0,0,0,0,0,0
"2757",87,2,1,0,1,0,1,0,19.99,0
"2758",87,2,2,1,0,0,1,0,7.99,1
"2759",87,2,3,0,1,1,0,1,12.99,0
"2760",87,2,4,0,0,0,0,0,0,0
"2761",87,3,1,1,0,0,1,0,19.99,0
"2762",87,3,2,1,0,1,0,1,12.99,0
"2763",87,3,3,0,1,0,1,0,7.99,1
"2764",87,3,4,0,0,0,0,0,0,0
"2765",87,4,1,0,1,0,1,1,7.99,0
"2766",87,4,2,0,1,1,0,0,12.99,0
"2767",87,4,3,0,1,1,0,1,7.99,1
"2768",87,4,4,0,0,0,0,0,0,0
"2769",87,5,1,1,0,1,0,1,19.99,0
"2770",87,5,2,1,0,0,1,1,12.99,1
"2771",87,5,3,1,0,1,0,0,19.99,0
"2772",87,5,4,0,0,0,0,0,0,0
"2773",87,6,1,1,0,1,0,0,12.99,0
"2774",87,6,2,0,1,0,1,1,19.99,0
"2775",87,6,3,1,0,0,1,1,7.99,1
"2776",87,6,4,0,0,0,0,0,0,0
"2777",87,7,1,1,0,0,1,1,19.99,0
"2778",87,7,2,0,1,0,1,1,12.99,1
"2779",87,7,3,0,1,1,0,0,19.99,0
"2780",87,7,4,0,0,0,0,0,0,0
"2781",87,8,1,0,1,0,1,0,12.99,0
"2782",87,8,2,0,1,1,0,0,7.99,1
"2783",87,8,3,1,0,1,0,0,7.99,0
"2784",87,8,4,0,0,0,0,0,0,0
"2785",88,1,1,0,1,1,0,1,19.99,0
"2786",88,1,2,1,0,0,1,1,12.99,0
"2787",88,1,3,0,1,1,0,0,7.99,0
"2788",88,1,4,0,0,0,0,0,0,1
"2789",88,2,1,1,0,0,1,1,19.99,0
"2790",88,2,2,0,1,0,1,1,12.99,0
"2791",88,2,3,1,0,0,1,0,19.99,0
"2792",88,2,4,0,0,0,0,0,0,1
"2793",88,3,1,0,1,0,1,1,7.99,0
"2794",88,3,2,0,1,0,1,0,12.99,0
"2795",88,3,3,1,0,1,0,1,19.99,0
"2796",88,3,4,0,0,0,0,0,0,1
"2797",88,4,1,1,0,0,1,0,12.99,0
"2798",88,4,2,0,1,0,1,0,7.99,0
"2799",88,4,3,1,0,1,0,0,19.99,0
"2800",88,4,4,0,0,0,0,0,0,1
"2801",88,5,1,0,1,1,0,1,7.99,1
"2802",88,5,2,0,1,1,0,1,12.99,0
"2803",88,5,3,1,0,1,0,0,12.99,0
"2804",88,5,4,0,0,0,0,0,0,0
"2805",88,6,1,1,0,0,1,0,7.99,0
"2806",88,6,2,0,1,0,1,0,19.99,0
"2807",88,6,3,1,0,1,0,0,7.99,1
"2808",88,6,4,0,0,0,0,0,0,0
"2809",88,7,1,1,0,1,0,1,12.99,0
"2810",88,7,2,1,0,0,1,1,7.99,0
"2811",88,7,3,0,1,1,0,0,12.99,0
"2812",88,7,4,0,0,0,0,0,0,1
"2813",88,8,1,0,1,1,0,0,19.99,0
"2814",88,8,2,1,0,1,0,1,7.99,0
"2815",88,8,3,0,1,0,1,1,19.99,0
"2816",88,8,4,0,0,0,0,0,0,1
"2817",89,1,1,0,1,0,1,1,19.99,0
"2818",89,1,2,1,0,0,1,0,12.99,0
"2819",89,1,3,0,1,0,1,0,7.99,1
"2820",89,1,4,0,0,0,0,0,0,0
"2821",89,2,1,1,0,0,1,1,19.99,0
"2822",89,2,2,0,1,1,0,0,12.99,1
"2823",89,2,3,0,1,1,0,0,19.99,0
"2824",89,2,4,0,0,0,0,0,0,0
"2825",89,3,1,1,0,1,0,1,7.99,1
"2826",89,3,2,0,1,1,0,1,7.99,0
"2827",89,3,3,0,1,1,0,1,19.99,0
"2828",89,3,4,0,0,0,0,0,0,0
"2829",89,4,1,1,0,0,1,1,7.99,1
"2830",89,4,2,0,1,1,0,1,12.99,0
"2831",89,4,3,1,0,0,1,0,7.99,0
"2832",89,4,4,0,0,0,0,0,0,0
"2833",89,5,1,1,0,0,1,1,12.99,1
"2834",89,5,2,0,1,0,1,1,12.99,0
"2835",89,5,3,0,1,0,1,0,19.99,0
"2836",89,5,4,0,0,0,0,0,0,0
"2837",89,6,1,0,1,0,1,0,12.99,1
"2838",89,6,2,1,0,1,0,0,7.99,0
"2839",89,6,3,1,0,1,0,1,19.99,0
"2840",89,6,4,0,0,0,0,0,0,0
"2841",89,7,1,0,1,0,1,1,7.99,0
"2842",89,7,2,1,0,1,0,1,12.99,1
"2843",89,7,3,1,0,1,0,0,19.99,0
"2844",89,7,4,0,0,0,0,0,0,0
"2845",89,8,1,0,1,1,0,0,7.99,1
"2846",89,8,2,1,0,0,1,0,19.99,0
"2847",89,8,3,1,0,1,0,0,12.99,0
"2848",89,8,4,0,0,0,0,0,0,0
"2849",90,1,1,0,1,0,1,1,12.99,0
"2850",90,1,2,1,0,0,1,0,19.99,0
"2851",90,1,3,1,0,1,0,0,7.99,1
"2852",90,1,4,0,0,0,0,0,0,0
"2853",90,2,1,1,0,1,0,1,19.99,0
"2854",90,2,2,0,1,1,0,0,12.99,1
"2855",90,2,3,1,0,0,1,0,12.99,0
"2856",90,2,4,0,0,0,0,0,0,0
"2857",90,3,1,0,1,0,1,1,7.99,1
"2858",90,3,2,1,0,1,0,0,19.99,0
"2859",90,3,3,0,1,0,1,0,7.99,0
"2860",90,3,4,0,0,0,0,0,0,0
"2861",90,4,1,1,0,1,0,1,7.99,1
"2862",90,4,2,1,0,1,0,0,12.99,0
"2863",90,4,3,1,0,0,1,1,7.99,0
"2864",90,4,4,0,0,0,0,0,0,0
"2865",90,5,1,1,0,0,1,1,19.99,0
"2866",90,5,2,0,1,0,1,0,12.99,0
"2867",90,5,3,0,1,1,0,1,7.99,1
"2868",90,5,4,0,0,0,0,0,0,0
"2869",90,6,1,1,0,0,1,1,12.99,1
"2870",90,6,2,0,1,0,1,1,19.99,0
"2871",90,6,3,0,1,1,0,1,19.99,0
"2872",90,6,4,0,0,0,0,0,0,0
"2873",90,7,1,0,1,1,0,1,12.99,0
"2874",90,7,2,1,0,0,1,0,7.99,0
"2875",90,7,3,1,0,1,0,1,12.99,1
"2876",90,7,4,0,0,0,0,0,0,0
"2877",90,8,1,0,1,1,0,0,7.99,1
"2878",90,8,2,0,1,1,0,0,19.99,0
"2879",90,8,3,0,1,0,1,0,19.99,0
"2880",90,8,4,0,0,0,0,0,0,0
"2881",91,1,1,1,0,1,0,0,12.99,1
"2882",91,1,2,0,1,1,0,0,19.99,0
"2883",91,1,3,0,1,0,1,0,12.99,0
"2884",91,1,4,0,0,0,0,0,0,0
"2885",91,2,1,1,0,0,1,0,19.99,0
"2886",91,2,2,1,0,1,0,0,7.99,0
"2887",91,2,3,0,1,1,0,1,19.99,1
"2888",91,2,4,0,0,0,0,0,0,0
"2889",91,3,1,1,0,0,1,0,7.99,0
"2890",91,3,2,0,1,0,1,1,7.99,1
"2891",91,3,3,0,1,1,0,1,12.99,0
"2892",91,3,4,0,0,0,0,0,0,0
"2893",91,4,1,1,0,1,0,1,19.99,1
"2894",91,4,2,0,1,0,1,0,7.99,0
"2895",91,4,3,1,0,0,1,1,19.99,0
"2896",91,4,4,0,0,0,0,0,0,0
"2897",91,5,1,1,0,1,0,1,7.99,1
"2898",91,5,2,0,1,0,1,1,12.99,0
"2899",91,5,3,1,0,1,0,0,19.99,0
"2900",91,5,4,0,0,0,0,0,0,0
"2901",91,6,1,1,0,0,1,1,12.99,0
"2902",91,6,2,1,0,0,1,0,12.99,0
"2903",91,6,3,0,1,1,0,1,7.99,1
"2904",91,6,4,0,0,0,0,0,0,0
"2905",91,7,1,1,0,1,0,1,12.99,1
"2906",91,7,2,0,1,0,1,1,19.99,0
"2907",91,7,3,1,0,0,1,1,7.99,0
"2908",91,7,4,0,0,0,0,0,0,0
"2909",91,8,1,0,1,0,1,0,19.99,0
"2910",91,8,2,0,1,1,0,0,7.99,0
"2911",91,8,3,0,1,1,0,0,12.99,1
"2912",91,8,4,0,0,0,0,0,0,0
"2913",92,1,1,0,1,0,1,1,19.99,0
"2914",92,1,2,1,0,0,1,0,7.99,0
"2915",92,1,3,1,0,0,1,1,12.99,0
"2916",92,1,4,0,0,0,0,0,0,1
"2917",92,2,1,1,0,1,0,0,19.99,0
"2918",92,2,2,0,1,0,1,1,12.99,0
"2919",92,2,3,1,0,1,0,0,12.99,0
"2920",92,2,4,0,0,0,0,0,0,1
"2921",92,3,1,0,1,1,0,0,19.99,0
"2922",92,3,2,1,0,1,0,1,7.99,0
"2923",92,3,3,1,0,0,1,1,19.99,0
"2924",92,3,4,0,0,0,0,0,0,1
"2925",92,4,1,1,0,0,1,0,12.99,0
"2926",92,4,2,0,1,0,1,0,7.99,0
"2927",92,4,3,0,1,1,0,0,7.99,0
"2928",92,4,4,0,0,0,0,0,0,1
"2929",92,5,1,0,1,0,1,0,12.99,0
"2930",92,5,2,1,0,0,1,0,19.99,0
"2931",92,5,3,1,0,1,0,1,12.99,0
"2932",92,5,4,0,0,0,0,0,0,1
"2933",92,6,1,0,1,0,1,1,7.99,0
"2934",92,6,2,0,1,0,1,0,19.99,0
"2935",92,6,3,1,0,1,0,1,19.99,0
"2936",92,6,4,0,0,0,0,0,0,1
"2937",92,7,1,0,1,1,0,0,12.99,0
"2938",92,7,2,0,1,1,0,1,19.99,0
"2939",92,7,3,1,0,1,0,0,7.99,0
"2940",92,7,4,0,0,0,0,0,0,1
"2941",92,8,1,0,1,1,0,1,12.99,0
"2942",92,8,2,0,1,1,0,1,7.99,0
"2943",92,8,3,1,0,0,1,1,7.99,0
"2944",92,8,4,0,0,0,0,0,0,1
"2945",93,1,1,1,0,0,1,0,19.99,0
"2946",93,1,2,0,1,1,0,0,12.99,0
"2947",93,1,3,1,0,0,1,1,19.99,0
"2948",93,1,4,0,0,0,0,0,0,1
"2949",93,2,1,1,0,0,1,0,12.99,0
"2950",93,2,2,0,1,1,0,0,7.99,0
"2951",93,2,3,1,0,1,0,0,12.99,0
"2952",93,2,4,0,0,0,0,0,0,1
"2953",93,3,1,0,1,0,1,0,19.99,0
"2954",93,3,2,0,1,0,1,1,7.99,0
"2955",93,3,3,1,0,1,0,0,19.99,0
"2956",93,3,4,0,0,0,0,0,0,1
"2957",93,4,1,1,0,0,1,0,7.99,0
"2958",93,4,2,1,0,0,1,1,12.99,0
"2959",93,4,3,1,0,1,0,0,7.99,0
"2960",93,4,4,0,0,0,0,0,0,1
"2961",93,5,1,0,1,1,0,1,19.99,0
"2962",93,5,2,0,1,0,1,0,12.99,0
"2963",93,5,3,0,1,0,1,0,7.99,0
"2964",93,5,4,0,0,0,0,0,0,1
"2965",93,6,1,0,1,1,0,1,12.99,0
"2966",93,6,2,0,1,1,0,1,7.99,0
"2967",93,6,3,0,1,0,1,1,19.99,0
"2968",93,6,4,0,0,0,0,0,0,1
"2969",93,7,1,0,1,1,0,0,19.99,0
"2970",93,7,2,1,0,0,1,1,7.99,0
"2971",93,7,3,1,0,1,0,1,7.99,0
"2972",93,7,4,0,0,0,0,0,0,1
"2973",93,8,1,0,1,0,1,1,12.99,0
"2974",93,8,2,1,0,1,0,1,12.99,0
"2975",93,8,3,1,0,1,0,1,19.99,0
"2976",93,8,4,0,0,0,0,0,0,1
"2977",94,1,1,0,1,0,1,0,19.99,0
"2978",94,1,2,1,0,1,0,0,7.99,0
"2979",94,1,3,0,1,1,0,0,19.99,0
"2980",94,1,4,0,0,0,0,0,0,1
"2981",94,2,1,0,1,1,0,1,7.99,0
"2982",94,2,2,0,1,1,0,1,12.99,0
"2983",94,2,3,1,0,0,1,1,12.99,0
"2984",94,2,4,0,0,0,0,0,0,1
"2985",94,3,1,1,0,0,1,0,19.99,0
"2986",94,3,2,1,0,0,1,0,12.99,0
"2987",94,3,3,0,1,0,1,1,7.99,0
"2988",94,3,4,0,0,0,0,0,0,1
"2989",94,4,1,0,1,0,1,0,7.99,0
"2990",94,4,2,0,1,0,1,1,19.99,0
"2991",94,4,3,0,1,0,1,1,12.99,0
"2992",94,4,4,0,0,0,0,0,0,1
"2993",94,5,1,0,1,1,0,0,7.99,0
"2994",94,5,2,1,0,1,0,0,12.99,0
"2995",94,5,3,1,0,1,0,1,19.99,0
"2996",94,5,4,0,0,0,0,0,0,1
"2997",94,6,1,1,0,0,1,1,7.99,0
"2998",94,6,2,0,1,0,1,0,12.99,0
"2999",94,6,3,0,1,1,0,1,19.99,0
"3000",94,6,4,0,0,0,0,0,0,1
"3001",94,7,1,1,0,1,0,0,19.99,0
"3002",94,7,2,1,0,1,0,1,7.99,0
"3003",94,7,3,1,0,1,0,1,12.99,0
"3004",94,7,4,0,0,0,0,0,0,1
"3005",94,8,1,0,1,1,0,0,12.99,0
"3006",94,8,2,1,0,0,1,1,19.99,0
"3007",94,8,3,1,0,0,1,0,7.99,0
"3008",94,8,4,0,0,0,0,0,0,1
"3009",95,1,1,0,1,1,0,1,12.99,1
"3010",95,1,2,0,1,0,1,0,7.99,0
"3011",95,1,3,0,1,1,0,1,19.99,0
"3012",95,1,4,0,0,0,0,0,0,0
"3013",95,2,1,0,1,0,1,1,12.99,1
"3014",95,2,2,1,0,0,1,0,19.99,0
"3015",95,2,3,1,0,0,1,0,12.99,0
"3016",95,2,4,0,0,0,0,0,0,0
"3017",95,3,1,0,1,0,1,0,19.99,0
"3018",95,3,2,0,1,1,0,0,7.99,1
"3019",95,3,3,0,1,0,1,0,12.99,0
"3020",95,3,4,0,0,0,0,0,0,0
"3021",95,4,1,1,0,0,1,1,7.99,0
"3022",95,4,2,1,0,0,1,1,19.99,0
"3023",95,4,3,1,0,1,0,1,7.99,0
"3024",95,4,4,0,0,0,0,0,0,1
"3025",95,5,1,1,0,1,0,1,12.99,0
"3026",95,5,2,1,0,1,0,1,19.99,0
"3027",95,5,3,0,1,1,0,0,19.99,0
"3028",95,5,4,0,0,0,0,0,0,1
"3029",95,6,1,1,0,0,1,0,7.99,0
"3030",95,6,2,1,0,1,0,0,7.99,0
"3031",95,6,3,0,1,0,1,1,19.99,0
"3032",95,6,4,0,0,0,0,0,0,1
"3033",95,7,1,0,1,0,1,1,7.99,0
"3034",95,7,2,1,0,1,0,0,12.99,0
"3035",95,7,3,0,1,1,0,1,7.99,1
"3036",95,7,4,0,0,0,0,0,0,0
"3037",95,8,1,1,0,1,0,0,19.99,0
"3038",95,8,2,0,1,1,0,0,12.99,0
"3039",95,8,3,1,0,0,1,1,12.99,0
"3040",95,8,4,0,0,0,0,0,0,1
"3041",96,1,1,1,0,0,1,0,19.99,0
"3042",96,1,2,0,1,1,0,1,12.99,1
"3043",96,1,3,0,1,1,0,0,19.99,0
"3044",96,1,4,0,0,0,0,0,0,0
"3045",96,2,1,1,0,0,1,0,7.99,0
"3046",96,2,2,1,0,0,1,0,12.99,1
"3047",96,2,3,0,1,1,0,1,7.99,0
"3048",96,2,4,0,0,0,0,0,0,0
"3049",96,3,1,0,1,0,1,0,7.99,0
"3050",96,3,2,0,1,0,1,0,12.99,0
"3051",96,3,3,1,0,1,0,1,7.99,1
"3052",96,3,4,0,0,0,0,0,0,0
"3053",96,4,1,1,0,0,1,1,19.99,0
"3054",96,4,2,0,1,0,1,0,19.99,1
"3055",96,4,3,1,0,0,1,1,12.99,0
"3056",96,4,4,0,0,0,0,0,0,0
"3057",96,5,1,0,1,1,0,0,7.99,0
"3058",96,5,2,1,0,1,0,1,12.99,0
"3059",96,5,3,0,1,0,1,1,19.99,1
"3060",96,5,4,0,0,0,0,0,0,0
"3061",96,6,1,1,0,0,1,1,7.99,0
"3062",96,6,2,0,1,1,0,0,12.99,1
"3063",96,6,3,0,1,1,0,1,19.99,0
"3064",96,6,4,0,0,0,0,0,0,0
"3065",96,7,1,1,0,1,0,0,7.99,0
"3066",96,7,2,1,0,1,0,1,19.99,1
"3067",96,7,3,0,1,0,1,1,12.99,0
"3068",96,7,4,0,0,0,0,0,0,0
"3069",96,8,1,0,1,0,1,1,7.99,1
"3070",96,8,2,1,0,1,0,0,19.99,0
"3071",96,8,3,1,0,1,0,0,12.99,0
"3072",96,8,4,0,0,0,0,0,0,0
"3073",97,1,1,1,0,1,0,0,19.99,0
"3074",97,1,2,1,0,1,0,0,7.99,1
"3075",97,1,3,0,1,0,1,1,12.99,0
"3076",97,1,4,0,0,0,0,0,0,0
"3077",97,2,1,0,1,0,1,0,7.99,1
"3078",97,2,2,1,0,0,1,0,19.99,0
"3079",97,2,3,0,1,0,1,0,19.99,0
"3080",97,2,4,0,0,0,0,0,0,0
"3081",97,3,1,0,1,0,1,0,12.99,0
"3082",97,3,2,0,1,1,0,1,7.99,1
"3083",97,3,3,0,1,1,0,1,19.99,0
"3084",97,3,4,0,0,0,0,0,0,0
"3085",97,4,1,1,0,0,1,0,12.99,0
"3086",97,4,2,1,0,1,0,0,12.99,0
"3087",97,4,3,1,0,0,1,1,7.99,1
"3088",97,4,4,0,0,0,0,0,0,0
"3089",97,5,1,0,1,1,0,0,12.99,0
"3090",97,5,2,1,0,1,0,1,7.99,1
"3091",97,5,3,1,0,1,0,1,12.99,0
"3092",97,5,4,0,0,0,0,0,0,0
"3093",97,6,1,0,1,0,1,1,19.99,0
"3094",97,6,2,1,0,0,1,0,7.99,1
"3095",97,6,3,1,0,1,0,1,19.99,0
"3096",97,6,4,0,0,0,0,0,0,0
"3097",97,7,1,0,1,1,0,0,7.99,1
"3098",97,7,2,0,1,1,0,1,12.99,0
"3099",97,7,3,0,1,1,0,0,19.99,0
"3100",97,7,4,0,0,0,0,0,0,0
"3101",97,8,1,1,0,0,1,1,19.99,0
"3102",97,8,2,1,0,0,1,1,12.99,0
"3103",97,8,3,0,1,0,1,1,7.99,1
"3104",97,8,4,0,0,0,0,0,0,0
"3105",98,1,1,0,1,1,0,1,12.99,0
"3106",98,1,2,0,1,1,0,1,7.99,1
"3107",98,1,3,0,1,0,1,0,19.99,0
"3108",98,1,4,0,0,0,0,0,0,0
"3109",98,2,1,0,1,1,0,0,7.99,0
"3110",98,2,2,0,1,1,0,1,19.99,0
"3111",98,2,3,1,0,0,1,0,12.99,0
"3112",98,2,4,0,0,0,0,0,0,1
"3113",98,3,1,0,1,0,1,1,7.99,0
"3114",98,3,2,1,0,0,1,1,19.99,0
"3115",98,3,3,1,0,1,0,1,7.99,1
"3116",98,3,4,0,0,0,0,0,0,0
"3117",98,4,1,1,0,0,1,1,12.99,0
"3118",98,4,2,1,0,0,1,0,19.99,0
"3119",98,4,3,0,1,0,1,0,7.99,1
"3120",98,4,4,0,0,0,0,0,0,0
"3121",98,5,1,1,0,1,0,0,19.99,0
"3122",98,5,2,1,0,0,1,1,7.99,0
"3123",98,5,3,0,1,1,0,0,12.99,0
"3124",98,5,4,0,0,0,0,0,0,1
"3125",98,6,1,1,0,1,0,1,19.99,0
"3126",98,6,2,0,1,0,1,0,12.99,1
"3127",98,6,3,0,1,0,1,1,12.99,0
"3128",98,6,4,0,0,0,0,0,0,0
"3129",98,7,1,0,1,1,0,0,19.99,0
"3130",98,7,2,1,0,1,0,0,7.99,1
"3131",98,7,3,1,0,0,1,0,7.99,0
"3132",98,7,4,0,0,0,0,0,0,0
"3133",98,8,1,1,0,1,0,1,12.99,0
"3134",98,8,2,0,1,0,1,1,19.99,0
"3135",98,8,3,1,0,1,0,0,12.99,0
"3136",98,8,4,0,0,0,0,0,0,1
"3137",99,1,1,1,0,0,1,0,12.99,0
"3138",99,1,2,0,1,1,0,0,19.99,0
"3139",99,1,3,0,1,0,1,0,7.99,0
"3140",99,1,4,0,0,0,0,0,0,1
"3141",99,2,1,0,1,1,0,0,12.99,0
"3142",99,2,2,1,0,0,1,1,7.99,0
"3143",99,2,3,0,1,1,0,1,12.99,0
"3144",99,2,4,0,0,0,0,0,0,1
"3145",99,3,1,1,0,0,1,1,19.99,0
"3146",99,3,2,0,1,1,0,0,7.99,0
"3147",99,3,3,1,0,1,0,0,7.99,0
"3148",99,3,4,0,0,0,0,0,0,1
"3149",99,4,1,0,1,0,1,1,19.99,0
"3150",99,4,2,1,0,0,1,0,19.99,0
"3151",99,4,3,0,1,1,0,1,19.99,0
"3152",99,4,4,0,0,0,0,0,0,1
"3153",99,5,1,0,1,0,1,0,12.99,0
"3154",99,5,2,1,0,1,0,1,7.99,0
"3155",99,5,3,1,0,1,0,0,12.99,0
"3156",99,5,4,0,0,0,0,0,0,1
"3157",99,6,1,0,1,0,1,0,19.99,0
"3158",99,6,2,0,1,0,1,1,12.99,0
"3159",99,6,3,0,1,0,1,1,7.99,0
"3160",99,6,4,0,0,0,0,0,0,1
"3161",99,7,1,1,0,0,1,0,7.99,0
"3162",99,7,2,1,0,0,1,1,12.99,0
"3163",99,7,3,1,0,1,0,1,19.99,0
"3164",99,7,4,0,0,0,0,0,0,1
"3165",99,8,1,1,0,1,0,1,12.99,0
"3166",99,8,2,1,0,1,0,0,19.99,0
"3167",99,8,3,0,1,1,0,1,7.99,0
"3168",99,8,4,0,0,0,0,0,0,1
"3169",100,1,1,1,0,0,1,0,12.99,0
"3170",100,1,2,0,1,1,0,0,19.99,0
"3171",100,1,3,0,1,0,1,0,12.99,0
"3172",100,1,4,0,0,0,0,0,0,1
"3173",100,2,1,1,0,1,0,0,19.99,0
"3174",100,2,2,1,0,1,0,0,7.99,0
"3175",100,2,3,1,0,0,1,1,19.99,0
"3176",100,2,4,0,0,0,0,0,0,1
"3177",100,3,1,0,1,1,0,0,12.99,0
"3178",100,3,2,1,0,0,1,0,19.99,0
"3179",100,3,3,0,1,0,1,1,12.99,0
"3180",100,3,4,0,0,0,0,0,0,1
"3181",100,4,1,1,0,1,0,1,7.99,0
"3182",100,4,2,0,1,0,1,1,7.99,0
"3183",100,4,3,0,1,0,1,0,19.99,0
"3184",100,4,4,0,0,0,0,0,0,1
"3185",100,5,1,0,1,1,0,1,12.99,0
"3186",100,5,2,1,0,1,0,0,12.99,0
"3187",100,5,3,1,0,0,1,0,7.99,0
"3188",100,5,4,0,0,0,0,0,0,1
"3189",100,6,1,1,0,0,1,1,7.99,0
"3190",100,6,2,0,1,1,0,0,7.99,0
"3191",100,6,3,0,1,0,1,0,7.99,0
"3192",100,6,4,0,0,0,0,0,0,1
"3193",100,7,1,1,0,1,0,1,12.99,0
"3194",100,7,2,0,1,0,1,1,19.99,0
"3195",100,7,3,0,1,1,0,1,19.99,0
"3196",100,7,4,0,0,0,0,0,0,1
"3197",100,8,1,1,0,1,0,1,19.99,0
"3198",100,8,2,1,0,0,1,1,12.99,0
"3199",100,8,3,0,1,1,0,1,7.99,0
"3200",100,8,4,0,0,0,0,0,0,1
